Id,Median household income in the past 12 months (in 2016 Inflation-adjusted dollars),Median household income in the past 12 months (in 2015 Inflation-adjusted dollars),Median household income in the past 12 months (in 2014 Inflation-adjusted dollars),Median contract rent 2016,Median gross rent 2015,Median gross rent,with other types of income,with public assistance income,total
1500000US220710001001,73220,71023,70625,828,897,857,22,12,435
1500000US220710001002,50625,45541,45195,806,891,864,31,29,571
1500000US220710001003,49861,56429,50417,829,1106,1072,20,0,322
1500000US220710002001,28333,23897,26196,611,733,713,7,0,236
1500000US220710002002,35795,36771,22321,714,945,920,0,0,310
1500000US220710003001,25938,26683,28500,479,624,665,17,4,256
1500000US220710003002,21875,20337,21719,693,913,958,13,13,237
1500000US220710004001,35742,36411,31938,818,986,978,112,11,483
1500000US220710004002,21304,21951,25893,540,743,750,66,5,421
1500000US220710006011,12045,9773,9333,0,284,258,11,13,146
1500000US220710006012,15625,14044,18929,492,921,661,43,14,168
1500000US220710006021,31466,30489,27697,633,940,971,24,19,337
1500000US220710006022,35625,32543,32644,631,923,936,55,16,239
1500000US220710006023,30809,31065,30865,640,808,845,20,21,382
1500000US220710006031,19500,18208,19850,640,1069,926,5,0,197
1500000US220710006032,11948,11417,17344,771,972,961,33,11,257
1500000US220710006041,0,24875,31563,0,942,1040,114,20,453
1500000US220710006042,33654,27385,39167,811,771,816,31,13,738
1500000US220710006043,36563,26222,27105,784,969,945,22,5,324
1500000US220710006051,31591,30700,29265,633,802,696,20,0,378
1500000US220710006052,26667,26125,29167,1051,1272,1280,18,10,174
1500000US220710006053,42727,43125,45962,1519,1539,1491,37,4,230
1500000US220710006061,70164,68788,68409,774,1073,1027,46,20,538
1500000US220710006062,53264,49444,50083,1095,1438,1398,19,0,567
1500000US220710006063,75729,72386,75117,0,-,-,51,32,531
1500000US220710006071,52135,64375,63523,0,-,-,36,0,307
1500000US220710006072,84000,75000,78971,1594,1681,1652,98,0,536
1500000US220710006073,61000,62407,58261,872,1310,1288,108,0,706
1500000US220710006111,27610,36573,40917,615,592,583,41,10,536
1500000US220710006112,40298,37679,37659,687,920,962,89,38,974
1500000US220710006121,161429,161250,142000,0,625,625,54,0,538
1500000US220710006131,63917,63556,43459,828,1021,1040,48,0,289
1500000US220710006132,25000,17485,29012,627,736,807,98,14,520
1500000US220710006133,11115,12601,12455,560,646,633,176,31,1243
1500000US220710006151,48750,47500,38705,748,782,777,105,18,621
1500000US220710006152,31610,31542,31891,685,755,755,123,0,1065
1500000US220710006161,45882,48075,46458,1101,1324,1319,38,0,348
1500000US220710006162,45179,45700,34232,752,816,846,65,0,491
1500000US220710006163,61399,61250,84891,0,-,-,79,0,636
1500000US220710006171,30616,31200,31850,689,823,820,116,0,750
1500000US220710006172,31228,32961,30861,835,908,893,47,0,1180
1500000US220710006181,147031,139286,143542,0,-,-,43,0,543
1500000US220710006182,55652,58194,68929,801,807,706,47,21,750
1500000US220710007011,44583,58194,14773,0,382,380,0,0,28
1500000US220710007012,14063,21250,13438,0,-,-,3,0,45
1500000US220710007013,21250,20982,19318,750,-,-,2,0,74
1500000US220710007014,28750,21705,20250,825,972,907,11,8,75
1500000US220710007021,18125,16202,17986,658,868,833,9,17,131
1500000US220710007022,24183,23934,25398,481,845,1190,2,0,252
1500000US220710007023,0,12500,10000,0,779,789,5,10,52
1500000US220710007024,50781,50500,43304,780,779,988,0,26,176
1500000US220710008001,50000,38125,44792,0,821,818,0,14,149
1500000US220710008002,24375,21116,19531,702,882,869,0,47,165
1500000US220710008003,23636,18750,22321,750,950,1117,20,22,179
1500000US220710009011,23750,19423,27708,0,-,-,0,0,59
1500000US220710009012,0,19423,24911,1042,-,-,0,0,81
1500000US220710009013,0,19423,31818,430,575,927,0,0,38
1500000US220710009014,16875,17917,18846,557,918,1038,0,0,124
1500000US220710009021,50000,58125,107813,0,-,-,0,0,14
1500000US220710009022,0,38214,50688,0,-,-,0,0,35
1500000US220710009023,0,35313,47644,0,-,-,3,0,67
1500000US220710009024,0,52500,42417,0,-,-,7,0,29
1500000US220710009031,26125,27222,28594,538,690,692,4,0,55
1500000US220710009032,37212,32596,27333,638,731,731,15,1,88
1500000US220710009033,23333,23295,12292,0,-,-,0,0,22
1500000US220710009034,15057,13889,12639,0,-,-,0,0,41
1500000US220710009041,19453,19745,21927,394,609,536,4,8,193
1500000US220710009042,16731,16500,12188,663,818,950,10,13,161
1500000US220710011001,29231,26903,26071,689,890,794,0,0,274
1500000US220710011002,41772,40701,43153,819,890,924,33,31,639
1500000US220710011003,0,-,-,0,-,-,0,0,0
1500000US220710012001,48500,37250,47770,1094,1235,1008,37,0,322
1500000US220710012002,43281,38125,38906,880,988,1013,31,9,223
1500000US220710012003,54792,56458,53370,869,1052,1030,13,0,342
1500000US220710013011,13194,11771,10250,363,1052,822,8,42,307
1500000US220710013012,44444,44943,43309,888,1111,1059,5,0,165
1500000US220710013013,30500,28571,26500,543,784,882,24,0,160
1500000US220710013014,19900,18782,17660,618,783,560,13,35,149
1500000US220710013021,20690,20789,20956,638,934,942,19,7,193
1500000US220710013022,11701,11639,11500,675,825,882,42,69,246
1500000US220710014011,14063,13826,15875,613,709,698,17,0,113
1500000US220710014012,18068,30938,23750,772,763,-,4,4,74
1500000US220710014013,16875,29375,32750,0,1052,1069,9,7,145
1500000US220710014014,17368,16902,16406,603,731,1036,12,22,99
1500000US220710014015,19250,16902,18750,0,-,-,0,0,44
1500000US220710014016,0,16902,16250,0,-,-,5,0,53
1500000US220710014021,20759,20455,30625,838,1012,-,14,6,240
1500000US220710014022,18333,16167,16042,0,-,925,0,5,118
1500000US220710014023,36705,35588,28125,625,817,803,4,0,136
1500000US220710014024,29508,26632,17375,648,898,835,26,45,265
1500000US220710015001,9898,15000,19464,575,795,871,2,15,219
1500000US220710015002,27941,32986,28958,714,938,858,5,17,141
1500000US220710016001,0,-,-,0,-,-,0,0,0
1500000US220710017011,34861,31250,27386,1099,1448,1422,47,6,229
1500000US220710017012,46667,45750,45375,917,1500,1514,32,0,155
1500000US220710017013,32589,37981,35000,821,1000,1156,18,0,180
1500000US220710017021,40217,41310,42150,590,1205,1406,27,0,313
1500000US220710017022,35610,36284,36579,640,1022,805,17,0,306
1500000US220710017023,37614,43750,30417,950,1313,1442,0,0,154
1500000US220710017024,45833,42813,36667,724,852,795,37,0,150
1500000US220710017201,34605,36250,36111,1076,1324,1333,34,6,192
1500000US220710017202,13319,32656,34940,544,672,1012,17,0,235
1500000US220710017203,17500,15500,23194,678,1106,1077,38,18,445
1500000US220710017204,14766,15682,25368,543,896,843,41,0,321
1500000US220710017221,17083,15682,22446,0,1026,990,66,12,167
1500000US220710017222,0,36250,48750,570,784,1125,86,0,253
1500000US220710017223,22569,27024,23988,759,926,948,41,0,431
1500000US220710017224,22778,42969,34118,636,1076,-,14,0,172
1500000US220710017225,16290,18438,19219,250,575,663,76,7,349
1500000US220710017226,25100,25074,25250,721,1067,-,13,0,123
1500000US220710017227,0,26632,26393,0,-,-,11,0,121
1500000US220710017231,36705,31324,31765,801,-,-,17,0,272
1500000US220710017232,30033,31250,30424,187,261,288,46,19,738
1500000US220710017233,34938,28878,28071,968,960,960,32,6,331
1500000US220710017234,26316,23802,21983,632,948,975,76,0,508
1500000US220710017241,31994,32102,30862,0,1069,1055,46,27,268
1500000US220710017242,34516,42232,47500,223,1016,591,38,0,356
1500000US220710017243,19470,19333,19919,718,884,896,50,7,612
1500000US220710017244,15476,14688,15500,843,910,1008,133,13,426
1500000US220710017251,19874,20405,20421,628,712,766,105,0,765
1500000US220710017252,31842,37708,38125,553,719,835,69,16,559
1500000US220710017253,30192,31484,31990,906,1081,1055,50,0,521
1500000US220710017254,0,39038,50284,0,740,730,39,16,569
1500000US220710017301,52143,39464,44583,1079,1289,1541,49,0,287
1500000US220710017341,61250,61458,60859,0,-,-,25,0,333
1500000US220710017351,22337,22933,26429,659,848,907,64,26,454
1500000US220710017352,36000,30250,24167,781,1031,1011,25,31,350
1500000US220710017361,16858,15101,15337,638,693,867,39,11,241
1500000US220710017362,29883,32063,33750,710,930,928,96,6,559
1500000US220710017371,20729,18897,20473,675,830,828,67,17,724
1500000US220710017372,41905,41979,48250,930,1155,1262,18,0,322
1500000US220710017373,36339,36058,36477,1347,-,1703,39,13,249
1500000US220710017391,38015,26167,39773,721,874,921,46,0,408
1500000US220710017392,50417,39352,50917,0,-,-,31,0,165
1500000US220710017401,46845,45750,44559,0,-,-,59,10,442
1500000US220710017402,21300,23958,30028,688,789,839,64,0,695
1500000US220710017403,30523,33872,35545,642,770,762,69,45,656
1500000US220710017411,43636,41776,40500,863,1202,1258,77,3,480
1500000US220710017431,24861,23750,19322,684,849,875,45,14,625
1500000US220710017432,21173,21083,21286,720,849,858,19,0,314
1500000US220710017441,0,21083,33385,661,750,789,11,11,489
1500000US220710017442,18785,13393,16058,855,1027,1107,49,72,493
1500000US220710017443,22852,23594,25110,814,959,907,28,15,427
1500000US220710017451,22188,21537,20972,708,874,894,42,39,930
1500000US220710017452,30417,28807,28750,886,1277,1321,57,17,409
1500000US220710017461,37174,36578,39286,779,929,903,34,9,482
1500000US220710017462,28598,24236,27850,577,683,929,21,0,578
1500000US220710017463,23021,35476,35797,748,1056,1095,59,41,563
1500000US220710017471,74677,74167,78990,0,-,-,106,0,847
1500000US220710017472,71848,88854,68646,0,-,-,35,0,425
1500000US220710017481,42500,37750,60703,0,-,-,7,0,374
1500000US220710017482,0,37750,29485,923,1203,1246,38,0,409
1500000US220710017483,43600,41250,38015,0,697,666,86,24,445
1500000US220710017484,60664,61875,61958,0,-,-,52,0,273
1500000US220710017491,42070,42716,41563,526,1250,636,59,5,369
1500000US220710017492,27398,27468,26844,532,693,743,47,3,471
1500000US220710017501,42171,38269,38750,0,905,922,3,0,397
1500000US220710017502,24125,25549,25189,458,603,658,69,0,322
1500000US220710017503,28917,22454,15767,616,686,715,11,18,434
1500000US220710017511,14722,16842,17059,618,702,716,6,21,268
1500000US220710018001,53958,51650,51023,1066,1147,1185,22,3,418
1500000US220710018002,56667,58542,62500,897,1144,994,11,0,282
1500000US220710019001,32143,30625,26023,714,809,815,0,0,138
1500000US220710019002,21917,21111,19750,529,588,596,21,19,261
1500000US220710019003,29375,26146,26339,632,778,787,0,0,245
1500000US220710020001,25521,26146,10568,831,1028,1057,3,32,212
1500000US220710020002,23920,20694,18323,783,908,814,28,14,197
1500000US220710020003,25714,22250,32292,708,861,891,5,10,107
1500000US220710021001,22452,19844,18587,625,844,897,2,15,158
1500000US220710021002,17583,15313,17039,500,666,706,18,36,209
1500000US220710022001,18512,18750,22708,339,635,718,7,1,125
1500000US220710022002,25486,22308,33875,571,770,832,44,15,181
1500000US220710022003,0,22308,15833,769,988,1084,6,11,96
1500000US220710023001,13229,22308,52708,623,-,-,0,0,59
1500000US220710023002,15625,12917,9148,673,853,538,0,14,114
1500000US220710023003,0,29356,30278,604,680,-,0,0,68
1500000US220710023004,25083,24013,24931,730,869,835,7,0,101
1500000US220710023005,29375,23608,23828,715,882,877,35,0,475
1500000US220710024011,38250,40343,41202,837,1115,1119,36,5,414
1500000US220710024012,28938,31250,50750,735,896,856,43,6,355
1500000US220710024021,0,48669,31800,646,900,941,9,0,168
1500000US220710024022,25294,26607,24511,645,709,695,44,0,355
1500000US220710024023,26875,28750,34022,785,987,987,26,0,276
1500000US220710024024,28523,24844,29205,734,1011,1193,18,0,419
1500000US220710025011,28750,26058,38421,773,868,915,20,6,278
1500000US220710025012,40682,40875,40521,1165,1262,1278,14,1,161
1500000US220710025013,60000,61250,62125,1049,1309,1038,17,0,105
1500000US220710025014,50156,47667,49559,810,1022,1010,17,0,130
1500000US220710025021,28864,29219,40114,818,1128,1116,57,17,320
1500000US220710025022,32500,26389,26875,623,751,646,0,0,179
1500000US220710025023,26125,26625,26111,825,989,999,10,0,142
1500000US220710025024,57143,26625,36953,0,-,-,13,0,171
1500000US220710025031,69107,61250,53393,1047,1352,1377,12,5,150
1500000US220710025032,48625,45625,51979,791,1033,1087,45,0,377
1500000US220710025033,46000,51964,57599,842,968,1277,13,0,281
1500000US220710025041,46000,46000,45733,863,1125,1139,41,29,191
1500000US220710025042,44779,43125,51250,738,1125,1188,29,0,328
1500000US220710025043,63571,61591,63036,0,975,-,18,0,181
1500000US220710025044,60052,35000,27950,945,1084,1111,32,0,229
1500000US220710026001,55089,54531,62258,829,919,913,41,8,450
1500000US220710026002,17206,54531,22500,402,919,343,68,0,528
1500000US220710027001,21042,20000,18264,727,745,926,5,0,205
1500000US220710027002,30481,35625,47829,829,945,1071,16,4,261
1500000US220710027003,12561,13344,20912,719,869,842,0,11,149
1500000US220710028001,22212,23487,24423,605,731,869,0,0,170
1500000US220710028002,16354,16071,17330,587,807,793,31,5,269
1500000US220710028003,25484,25625,27632,681,927,932,15,6,202
1500000US220710029001,18977,19792,23542,854,1000,912,35,6,209
1500000US220710029002,0,19792,12552,608,703,635,7,0,147
1500000US220710029003,21351,25991,25172,533,639,637,18,0,208
1500000US220710030001,15750,14191,14148,751,988,978,10,6,213
1500000US220710030002,16250,14875,14942,735,869,922,13,5,268
1500000US220710031001,16555,16781,15346,669,715,529,12,0,147
1500000US220710031002,17131,17442,19188,750,838,920,12,10,303
1500000US220710033011,60956,51071,58913,876,1047,1060,54,5,300
1500000US220710033012,70750,53333,48000,996,1161,1112,0,14,252
1500000US220710033013,80833,79474,78839,2089,2217,"2,000+",4,0,129
1500000US220710033021,56797,56458,56513,0,-,-,33,0,231
1500000US220710033022,44875,44318,46154,1060,1299,1689,6,26,398
1500000US220710033023,61250,61458,54957,727,912,743,48,0,371
1500000US220710033024,82782,74318,62222,0,-,1290,0,0,214
1500000US220710033031,38750,74318,33500,871,1080,1109,33,23,356
1500000US220710033032,35444,22014,20078,910,978,902,21,15,307
1500000US220710033033,40208,37824,38198,869,1033,1087,25,4,176
1500000US220710033041,37778,38688,37375,862,1084,1058,8,23,392
1500000US220710033042,31801,30186,18194,668,750,671,32,5,373
1500000US220710033071,40750,39464,45556,954,1182,1168,20,5,334
1500000US220710033072,21856,24741,24299,592,643,665,13,0,231
1500000US220710033081,46875,48800,37411,0,-,-,0,0,131
1500000US220710033082,24750,25238,21146,699,780,780,23,10,269
1500000US220710033083,16806,18277,18704,340,327,382,58,0,500
1500000US220710033084,26591,26131,25859,717,808,-,22,0,215
1500000US220710033085,32393,29417,37788,727,1019,1072,9,0,199
1500000US220710033086,83611,29417,112552,0,-,-,0,0,47
1500000US220710034001,28125,23750,27381,731,864,821,43,0,276
1500000US220710034002,23854,21544,20221,685,719,747,10,20,408
1500000US220710035001,12167,21250,21114,623,877,874,0,0,237
1500000US220710035002,11655,15481,17305,311,641,670,15,11,165
1500000US220710035003,36389,35167,35938,924,936,862,4,0,218
1500000US220710036001,31563,30000,30167,818,900,846,40,0,210
1500000US220710036002,22813,23750,21976,631,851,876,16,0,395
1500000US220710036003,29688,29896,30417,655,923,915,13,18,208
1500000US220710037011,36902,37539,45952,1131,1148,1163,63,0,782
1500000US220710037012,45234,40625,34167,956,1058,1075,15,0,248
1500000US220710037021,41952,29464,27600,609,768,706,0,0,320
1500000US220710037022,31429,18965,18718,825,1055,1041,13,0,293
1500000US220710037023,0,18965,16563,831,833,888,0,4,179
1500000US220710037024,0,27542,28787,721,882,1060,19,0,255
1500000US220710037025,66071,63214,78333,802,845,782,0,0,228
1500000US220710037026,57292,47760,37212,912,1046,1064,46,0,380
1500000US220710038001,68661,69844,70074,892,1136,1138,55,0,437
1500000US220710038002,70263,79537,62417,983,1100,1095,33,0,420
1500000US220710039001,34129,32465,32188,717,868,827,45,6,303
1500000US220710039002,20536,16667,19821,1030,1102,1019,30,14,362
1500000US220710040001,30625,29583,21105,712,826,779,45,12,393
1500000US220710040002,25118,24375,22278,568,698,731,80,14,528
1500000US220710041001,46522,45417,44960,909,1009,983,37,0,437
1500000US220710041002,72917,70625,70395,852,933,951,29,15,352
1500000US220710044011,23661,17321,14375,727,809,758,10,12,179
1500000US220710044012,11339,13036,13750,573,850,854,0,0,153
1500000US220710044013,30368,25000,14489,754,921,796,5,0,227
1500000US220710044021,0,-,-,0,-,-,0,0,37
1500000US220710044022,0,-,-,0,-,-,0,0,0
1500000US220710045001,15373,15203,15083,720,945,876,16,0,225
1500000US220710045002,26036,23289,15208,778,879,878,37,59,338
1500000US220710045003,39662,36771,36301,745,929,973,26,17,479
1500000US220710046001,35000,49196,49250,921,993,998,5,0,269
1500000US220710046002,57273,53824,51705,1028,1113,1039,78,18,804
1500000US220710046003,48618,49875,38000,915,1027,1067,0,0,428
1500000US220710048001,9046,8738,8693,272,233,200,23,6,376
1500000US220710049001,11000,11944,9783,515,616,633,46,31,296
1500000US220710049002,9703,15592,16731,449,581,708,0,6,234
1500000US220710049003,0,-,-,0,-,-,0,0,12
1500000US220710049004,33000,28571,27625,736,906,876,6,6,119
1500000US220710050001,31797,28750,31333,915,1089,1084,6,11,302
1500000US220710050002,24345,23162,24189,729,838,803,9,26,303
1500000US220710054001,39881,39777,41250,860,1043,1005,97,4,329
1500000US220710054002,0,53068,50915,871,1086,1040,8,0,324
1500000US220710054003,29474,33750,48250,858,1088,1236,16,4,350
1500000US220710055001,66250,64063,54688,1005,1175,1145,18,0,437
1500000US220710055002,51813,50417,52554,1230,1300,1180,33,8,401
1500000US220710055003,77083,68788,50857,925,1174,1132,18,6,370
1500000US220710056011,78333,71250,79712,1420,1650,1732,17,0,257
1500000US220710056012,102333,101528,99773,978,1317,950,6,0,252
1500000US220710056013,89286,83000,83000,1375,1635,1620,11,0,176
1500000US220710056014,63167,64250,64453,1153,1438,1650,16,0,191
1500000US220710056021,94063,96042,74750,1275,1421,1464,14,0,156
1500000US220710056022,115000,89531,102539,1692,1650,1320,17,0,327
1500000US220710056023,91250,72045,76250,1326,1350,1356,6,0,295
1500000US220710056024,118542,117566,119779,2515,1931,1917,11,0,173
1500000US220710056031,92875,72337,81719,1268,1281,1250,39,0,215
1500000US220710056032,64605,76641,61875,775,1250,1263,20,0,228
1500000US220710056033,60250,59500,70862,951,1081,1275,16,0,168
1500000US220710056041,90521,100833,103250,1194,1424,1419,23,0,195
1500000US220710056042,107132,104250,102708,1266,1232,1198,28,0,229
1500000US220710056043,80938,69375,69922,1397,1267,1208,17,0,174
1500000US220710060001,23489,18641,24375,849,1005,1019,14,27,584
1500000US220710063001,31042,30161,21767,725,850,869,26,5,363
1500000US220710063002,0,19643,22813,603,758,786,30,0,77
1500000US220710063003,18603,13333,19063,758,1072,1071,8,0,229
1500000US220710064001,42875,39688,43625,906,959,978,32,15,253
1500000US220710064002,56364,52000,54306,898,1128,1129,8,0,331
1500000US220710064003,20208,52000,28636,853,1252,1099,20,14,202
1500000US220710064004,36528,26827,27292,849,915,993,0,0,242
1500000US220710065001,49107,43828,39063,926,1007,979,20,20,418
1500000US220710065002,50580,51655,52452,953,1115,1109,44,17,375
1500000US220710065003,30787,25588,25110,823,940,895,21,6,391
1500000US220710069001,12250,19083,18438,348,326,304,0,3,103
1500000US220710069002,18750,13250,11042,394,618,625,0,0,19
1500000US220710069003,12679,13092,12440,360,350,329,22,0,153
1500000US220710070001,20521,20139,7917,950,-,1091,16,0,70
1500000US220710070002,0,13125,13125,610,774,781,4,0,136
1500000US220710071011,34643,32833,33750,826,895,1030,12,9,329
1500000US220710071012,14054,14141,13371,590,640,565,36,0,790
1500000US220710072001,17289,16234,20000,789,958,968,31,33,630
1500000US220710072002,0,28056,23160,533,690,714,21,0,278
1500000US220710072003,20417,28750,14219,644,863,690,19,8,119
1500000US220710075011,23125,20521,19643,603,808,850,14,0,206
1500000US220710075012,22188,30588,34833,683,822,850,15,14,220
1500000US220710075013,20787,20179,20664,606,853,908,10,0,217
1500000US220710075014,28750,20179,19474,715,817,938,18,0,188
1500000US220710075015,24531,19837,19821,712,925,-,20,0,139
1500000US220710075021,25288,25682,26750,621,717,708,9,0,116
1500000US220710075022,28631,14207,14583,643,860,-,10,9,131
1500000US220710075023,11250,11575,12219,640,867,948,31,0,311
1500000US220710075024,30272,18224,13095,733,1102,1083,30,0,162
1500000US220710075025,27083,27632,27386,614,809,842,0,9,287
1500000US220710076041,144500,138083,126607,1396,1750,1865,14,0,369
1500000US220710076042,208000,205417,191591,0,-,-,48,0,286
1500000US220710076051,17422,18313,14309,551,783,788,35,0,275
1500000US220710076052,15833,20938,22000,537,783,915,18,0,334
1500000US220710076061,86167,83534,75972,1098,1233,1175,31,0,761
1500000US220710076062,61596,66528,64306,1231,1410,990,18,0,432
1500000US220710076063,67885,69643,70667,1140,1381,1328,21,0,636
1500000US220710077001,84038,87072,85439,1305,1380,1361,9,9,877
1500000US220710077002,62453,61729,56523,1555,1456,1382,154,15,751
1500000US220710078001,68304,52708,66402,1006,1086,1169,73,13,671
1500000US220710082001,54643,43281,49185,820,850,875,28,0,454
1500000US220710082002,55833,49250,44018,922,979,894,40,0,482
1500000US220710083001,46375,49632,65139,931,1128,1111,33,5,321
1500000US220710083002,84250,83250,93214,868,984,992,0,0,232
1500000US220710084001,31964,33456,34286,733,957,973,43,15,336
1500000US220710084002,41293,28333,26250,910,937,941,16,0,358
1500000US220710085001,9561,9327,9525,444,579,459,16,33,330
1500000US220710085002,13056,16394,17278,524,668,660,10,8,245
1500000US220710086001,11913,12396,16447,475,638,703,14,0,216
1500000US220710086002,16875,17206,17305,718,918,853,17,13,199
1500000US220710088001,42500,41538,67083,997,1081,1137,45,9,411
1500000US220710088002,76058,78250,79038,1089,1280,1250,35,8,456
1500000US220710090001,0,71705,88750,0,1280,978,25,0,305
1500000US220710090002,171250,172019,158750,1179,1250,1166,10,0,286
1500000US220710090003,102581,80114,94545,1295,1080,1125,27,14,428
1500000US220710091001,44079,42250,43810,938,1135,1074,9,0,342
1500000US220710091002,50962,40469,51389,700,844,859,6,0,186
1500000US220710091003,0,40469,21875,468,636,601,0,8,181
1500000US220710091004,36895,32632,30125,816,845,804,50,0,409
1500000US220710092001,16346,17500,16250,623,849,846,0,5,150
1500000US220710092002,20739,16250,18750,594,589,574,61,10,216
1500000US220710092003,10345,10795,14375,413,710,758,0,5,243
1500000US220710094001,11731,21250,26538,646,811,869,13,0,164
1500000US220710094002,18269,18750,33235,656,726,-,2,0,74
1500000US220710094003,0,9028,10682,656,852,805,5,0,114
1500000US220710094004,9258,9741,9643,629,758,917,6,5,150
1500000US220710096001,70625,71250,63784,917,1020,1045,0,14,262
1500000US220710096002,63333,61250,52500,1095,1179,1063,10,0,246
1500000US220710096003,39485,40179,47500,709,795,767,50,3,228
1500000US220710097001,56563,57250,46250,1158,1285,1065,18,5,368
1500000US220710097002,39306,35363,35884,792,869,878,58,3,353
1500000US220710099001,55086,53477,52931,975,970,1015,32,0,520
1500000US220710099002,68636,67250,64583,1141,1255,1283,10,12,443
1500000US220710099003,46853,46650,45335,882,972,1041,36,0,475
1500000US220710100001,16136,19423,18977,577,675,725,10,0,142
1500000US220710100002,16500,17083,18102,679,691,911,6,5,193
1500000US220710100003,48750,48516,44394,716,786,894,21,0,308
1500000US220710100004,21705,20500,17750,406,881,819,8,0,121
1500000US220710101001,41389,35813,36136,841,1000,1097,35,7,318
1500000US220710101002,80885,68712,67806,1314,1357,1377,53,0,607
1500000US220710102001,13333,68712,14297,732,850,881,53,0,151
1500000US220710102002,36094,68712,12143,768,924,947,0,21,102
1500000US220710102003,51563,46250,34000,765,681,538,0,5,128
1500000US220710102004,47125,46250,32083,857,1081,1033,18,14,155
1500000US220710102005,39750,37188,37738,865,1015,986,45,0,200
1500000US220710103001,24659,19286,16641,791,966,952,6,0,259
1500000US220710103002,26838,26211,17351,631,1037,641,46,30,329
1500000US220710103003,0,32188,37371,1017,1230,890,13,0,263
1500000US220710103004,36125,34167,16987,1020,1168,1175,11,0,182
1500000US220710106001,56563,56346,51875,867,1142,989,37,12,316
1500000US220710106002,54444,40000,34808,887,992,928,12,0,366
1500000US220710107001,69286,75893,76111,1279,1190,1172,4,0,280
1500000US220710107002,65833,67697,68894,882,1071,1076,8,0,593
1500000US220710108001,101705,104063,101250,1350,1071,1154,28,0,173
1500000US220710108002,102821,100363,85648,1093,1309,1318,12,0,492
1500000US220710109001,51929,55875,75268,967,1100,794,54,0,269
1500000US220710109002,74167,70375,69054,1120,1144,1172,37,0,504
1500000US220710109003,72250,69310,69886,919,1223,1386,52,0,381
1500000US220710109004,38990,37958,36250,869,1083,1052,57,0,272
1500000US220710111001,37596,32375,15946,800,911,738,22,0,192
1500000US220710111002,39432,36550,37202,848,964,1048,17,0,291
1500000US220710111003,41458,49583,53839,800,1078,1060,49,0,154
1500000US220710112001,61719,58633,58269,1147,1381,1375,10,0,288
1500000US220710112002,78583,61938,70250,1089,1331,1157,47,7,309
1500000US220710114001,62679,60313,112892,1358,1345,1266,34,0,445
1500000US220710114002,60988,50223,51648,1113,1280,1268,39,0,555
1500000US220710115001,125481,133958,106500,1893,1789,1704,12,0,286
1500000US220710115002,77619,78654,82857,1131,1293,1299,14,0,350
1500000US220710116001,157500,156875,114250,1458,1460,1309,5,0,354
1500000US220710116002,152188,150714,115714,1490,1500,1465,12,0,304
1500000US220710117001,0,128393,128438,0,2190,"2,000+",8,0,210
1500000US220710117002,125341,120156,123182,1052,1188,1191,17,0,240
1500000US220710117003,0,120156,125795,2778,2604,"2,000+",8,0,315
1500000US220710117004,156339,156000,189667,1219,1576,1980,28,0,330
1500000US220710119001,128750,103750,101250,1285,1333,1283,26,0,226
1500000US220710119002,68000,72500,68438,1329,1537,1590,7,0,247
1500000US220710119003,34508,48173,39861,1318,1538,1631,22,0,225
1500000US220710120001,78750,85625,66333,1214,1337,1409,29,0,504
1500000US220710120002,125000,109583,138750,1165,1337,1483,20,0,176
1500000US220710121011,46563,43516,43548,1323,1227,1283,59,0,406
1500000US220710121012,75833,89000,77788,1094,1205,1323,52,0,429
1500000US220710121021,36375,39904,33897,772,864,1255,0,4,203
1500000US220710121022,0,39904,123750,0,-,-,4,0,16
1500000US220710121023,96042,62353,85893,1382,1438,1458,11,0,219
1500000US220710122001,83750,112321,94432,1022,1231,1241,31,13,495
1500000US220710122002,100184,91458,76579,1536,1745,1574,31,7,426
1500000US220710123001,25144,26350,24934,708,955,970,17,19,229
1500000US220710123002,46739,47373,49333,997,1167,1149,49,11,336
1500000US220710123003,82321,87125,76818,1103,1269,1409,47,0,344
1500000US220710124001,23977,35052,24511,607,741,736,0,0,267
1500000US220710124002,64079,84000,81750,880,916,918,22,10,405
1500000US220710125001,46974,41250,47262,981,1064,1128,7,0,278
1500000US220710125002,46364,43667,41000,796,863,869,32,4,528
1500000US220710126001,87750,86250,55000,942,1112,1106,36,0,294
1500000US220710126002,46382,38309,39297,878,971,970,10,0,317
1500000US220710126003,60417,42639,55000,1115,1017,1125,0,0,270
1500000US220710127001,28750,41328,40265,858,1098,1059,0,0,343
1500000US220710127002,72963,71509,46625,917,1050,1020,26,0,209
1500000US220710127003,50798,51395,51719,1077,1123,1167,0,7,220
1500000US220710127004,60750,60833,62188,1092,1117,1084,38,0,235
1500000US220710128001,44712,51786,51406,753,826,1003,30,0,253
1500000US220710128002,95750,89375,86923,885,960,1035,7,0,340
1500000US220710128003,63125,64653,70278,1149,1284,1260,31,0,378
1500000US220710129001,56141,40962,41894,844,930,886,13,6,470
1500000US220710129002,44028,42083,61736,728,1010,1012,42,0,283
1500000US220710130001,0,43125,23906,0,1121,1023,42,0,293
1500000US220710130002,31806,31786,29837,746,844,835,51,0,239
1500000US220710130003,36422,38000,37222,705,944,909,18,0,214
1500000US220710131001,13182,9091,9489,607,742,839,0,10,115
1500000US220710131002,11779,9091,25469,619,650,657,20,11,146
1500000US220710131003,21125,17100,17098,600,838,850,4,0,157
1500000US220710131004,40795,19539,19327,831,938,923,24,0,143
1500000US220710132001,0,21992,43409,861,1068,1074,33,0,208
1500000US220710132002,19335,18793,19899,714,862,896,0,10,313
1500000US220710132003,29236,45240,80000,738,864,897,10,19,294
1500000US220710132004,59539,58466,58850,1549,1548,1578,47,0,245
1500000US220710133011,101875,98194,137396,894,1205,1125,31,0,315
1500000US220710133012,125833,140313,137500,0,-,1813,32,0,504
1500000US220710133013,120662,118807,125278,0,-,-,9,0,180
1500000US220710133014,115250,96429,80682,1292,1350,1455,13,0,412
1500000US220710133021,78333,80078,62708,545,544,636,20,0,523
1500000US220710133022,155288,151477,144063,0,-,-,18,7,358
1500000US220710134001,105536,81591,80375,1356,1391,-,14,6,239
1500000US220710134002,0,22500,17348,277,295,298,30,10,395
1500000US220710134003,61379,61563,52036,1336,1466,1418,37,12,815
1500000US220710135001,66771,70143,64615,1337,1375,1191,0,0,226
1500000US220710135002,70511,82361,89250,1133,1247,1422,30,0,342
1500000US220710135003,80558,81031,70385,1158,1322,1159,40,0,318
1500000US220710135004,44428,52875,60625,925,1082,1043,8,0,416
1500000US220710136001,49821,45563,49948,1075,965,860,4,0,261
1500000US220710136002,31331,31494,31818,588,793,809,22,21,166
1500000US220710137001,0,-,-,0,-,-,0,0,0
1500000US220710137002,16250,18333,13750,0,-,-,9,0,69
1500000US220710137003,10869,9205,9688,362,403,440,41,16,278
1500000US220710137004,21917,21042,20583,730,943,713,29,0,455
1500000US220710138001,23636,22361,26964,724,888,995,10,0,245
1500000US220710138002,19151,19132,19595,336,496,499,26,0,263
1500000US220710138003,0,25625,30764,604,746,781,13,18,306
1500000US220710139001,77569,68929,65556,1009,1021,1091,31,0,282
1500000US220710139002,47537,33833,36250,800,849,895,16,0,590
1500000US220710140001,0,33833,4402,0,400,496,17,6,93
1500000US220710140002,10536,9545,9503,260,251,244,34,13,422
1500000US220710140003,13679,12188,11444,710,870,846,14,40,302
1500000US220710140004,11000,9844,10625,539,714,635,0,0,50
1500000US220710141001,23044,21538,22685,650,793,768,22,0,492
1500000US220710141002,30882,43750,30714,1066,1295,1021,15,0,142
1500000US220710141003,19596,17315,19138,446,643,784,35,0,422
1500000US220710142001,42083,32171,29000,856,1000,1026,0,4,204
1500000US220710142002,53100,54630,66042,1086,1125,1026,17,0,530
1500000US220710142003,47083,45417,28750,1083,1125,976,26,0,203
1500000US220710143001,14107,12750,15561,240,397,390,38,10,224
1500000US220710143002,10083,12083,12031,300,661,674,0,3,76
1500000US220710143003,12284,15043,14091,710,805,906,50,38,410
1500000US220710144001,41250,40694,29265,800,931,881,8,0,142
1500000US220710144002,44327,32098,44338,728,848,933,32,4,335
1500000US220710144003,36429,36944,40125,915,1129,784,19,6,330
1500000US220710145001,0,-,-,0,-,-,0,0,0
1500000US220719800001,0,-,-,0,-,-,0,0,0
1500000US220719801001,0,-,-,0,-,-,0,0,0
1500000US220719900000,0,-,-,0,-,-,0,0,0