Id,Year,Total,White,Black or African American,Hispanic,Asian
1500000US220710001001,2000,873,572,264,27,9
1500000US220710001002,2000,878,578,276,46,6
1500000US220710001003,2000,630,532,61,38,6
1500000US220710002001,2000,734,103,599,22,10
1500000US220710002002,2000,613,96,507,2,4
1500000US220710003001,2000,830,20,802,3,2
1500000US220710003002,2000,638,64,567,9,0
1500000US220710004001,2000,1305,260,1001,24,14
1500000US220710004002,2000,1259,39,1192,35,0
1500000US220710006011,2000,1022,4,1018,2,0
1500000US220710006012,2000,1012,6,1000,0,0
1500000US220710006021,2000,910,222,655,47,1
1500000US220710006022,2000,983,95,867,10,6
1500000US220710006023,2000,1064,130,922,28,1
1500000US220710006031,2000,1325,60,1182,93,12
1500000US220710006032,2000,1017,43,791,119,94
1500000US220710006041,2000,1554,278,1212,100,8
1500000US220710006042,2000,2323,672,1382,261,29
1500000US220710006043,2000,1254,68,1131,32,17
1500000US220710006051,2000,1025,228,781,26,0
1500000US220710006052,2000,629,186,427,34,1
1500000US220710006053,2000,1248,522,648,63,22
1500000US220710006061,2000,1422,1060,292,87,18
1500000US220710006062,2000,1570,983,486,93,30
1500000US220710006063,2000,1408,755,598,51,34
1500000US220710006071,2000,767,404,341,14,8
1500000US220710006072,2000,1210,1073,83,46,37
1500000US220710006073,2000,1769,1482,200,80,29
1500000US220710006081,2000,1205,524,593,70,54
1500000US220710006082,2000,3495,2020,1278,110,106
1500000US220710006083,2000,2961,1605,1056,214,116
1500000US220710006111,2000,1916,27,1862,14,12
1500000US220710006112,2000,2609,56,1897,31,637
1500000US220710006121,2000,1147,896,129,30,87
1500000US220710006131,2000,591,234,325,30,21
1500000US220710006132,2000,1923,210,1611,67,47
1500000US220710006133,2000,2116,614,1432,65,8
1500000US220710006141,2000,1513,1140,208,83,120
1500000US220710006142,2000,2151,1365,672,70,79
1500000US220710006143,2000,3883,1095,2429,203,180
1500000US220710007011,2000,725,1,719,1,0
1500000US220710007012,2000,934,5,907,9,0
1500000US220710007013,2000,1058,8,1046,3,2
1500000US220710007014,2000,561,9,549,7,1
1500000US220710007021,2000,658,26,621,3,0
1500000US220710007022,2000,863,69,767,31,1
1500000US220710007023,2000,817,281,508,18,10
1500000US220710007024,2000,638,73,537,10,1
1500000US220710008001,2000,705,38,659,2,1
1500000US220710008002,2000,964,38,916,10,0
1500000US220710008003,2000,862,18,836,5,0
1500000US220710009011,2000,576,1,569,5,0
1500000US220710009012,2000,780,2,771,5,0
1500000US220710009013,2000,600,5,586,6,0
1500000US220710009014,2000,781,7,765,4,0
1500000US220710009021,2000,713,1,706,3,1
1500000US220710009022,2000,840,5,833,4,0
1500000US220710009023,2000,873,0,863,1,0
1500000US220710009024,2000,517,2,512,0,0
1500000US220710009031,2000,910,2,904,1,0
1500000US220710009032,2000,521,0,518,1,0
1500000US220710009033,2000,495,0,495,0,0
1500000US220710009034,2000,714,1,706,3,0
1500000US220710009041,2000,1112,10,1091,14,1
1500000US220710009042,2000,1298,14,1273,3,0
1500000US220710011001,2000,1266,118,1126,21,6
1500000US220710011002,2000,1626,527,1040,102,18
1500000US220710011003,2000,0,0,0,0,0
1500000US220710012001,2000,698,416,265,46,1
1500000US220710012002,2000,776,349,398,32,3
1500000US220710012003,2000,730,363,340,42,2
1500000US220710013011,2000,1005,53,947,13,0
1500000US220710013012,2000,601,228,355,17,2
1500000US220710013013,2000,728,75,643,8,4
1500000US220710013014,2000,688,14,663,11,0
1500000US220710013021,2000,904,20,869,6,0
1500000US220710013022,2000,1065,39,1016,12,0
1500000US220710013033,2000,781,48,724,16,0
1500000US220710013044,2000,721,218,490,12,1
1500000US220710014011,2000,513,3,505,5,0
1500000US220710014012,2000,520,3,513,6,0
1500000US220710014013,2000,520,3,514,2,0
1500000US220710014014,2000,704,1,699,9,1
1500000US220710014015,2000,420,0,420,0,0
1500000US220710014016,2000,494,3,489,4,0
1500000US220710014021,2000,615,9,602,9,0
1500000US220710014022,2000,577,5,566,7,0
1500000US220710014023,2000,642,3,627,5,0
1500000US220710014024,2000,1368,20,1339,13,1
1500000US220710015001,2000,1131,49,1059,38,2
1500000US220710015002,2000,895,70,794,30,8
1500000US220710016002,2000,1604,4,1586,14,0
1500000US220710017011,2000,1071,11,1027,14,2
1500000US220710017012,2000,606,3,594,3,0
1500000US220710017013,2000,953,10,931,5,1
1500000US220710017021,2000,1237,104,1090,12,17
1500000US220710017022,2000,1252,179,1030,51,5
1500000US220710017023,2000,814,179,617,9,1
1500000US220710017024,2000,1084,669,296,33,96
1500000US220710017031,2000,2623,141,2435,37,8
1500000US220710017032,2000,1116,3,1101,16,0
1500000US220710017061,2000,52,0,52,0,0
1500000US220710017141,2000,592,0,585,1,1
1500000US220710017142,2000,68,0,64,0,4
1500000US220710017201,2000,993,206,766,14,4
1500000US220710017202,2000,632,92,530,5,1
1500000US220710017203,2000,1897,85,1788,11,1
1500000US220710017204,2000,1570,127,1385,23,7
1500000US220710017221,2000,727,59,653,5,0
1500000US220710017222,2000,812,138,652,16,3
1500000US220710017223,2000,1796,93,1665,50,1
1500000US220710017224,2000,548,3,539,4,0
1500000US220710017225,2000,1677,29,1626,14,1
1500000US220710017226,2000,950,1,933,2,0
1500000US220710017227,2000,495,2,493,1,0
1500000US220710017231,2000,1151,200,929,30,16
1500000US220710017232,2000,2002,314,1634,41,17
1500000US220710017233,2000,1222,233,961,25,11
1500000US220710017234,2000,1189,204,966,36,1
1500000US220710017241,2000,975,223,728,10,3
1500000US220710017242,2000,1354,532,785,29,6
1500000US220710017243,2000,3313,488,2757,55,16
1500000US220710017251,2000,2075,470,1518,58,14
1500000US220710017252,2000,1744,277,1449,30,0
1500000US220710017253,2000,1978,175,1718,14,4
1500000US220710017254,2000,1976,290,1620,33,26
1500000US220710017261,2000,74,29,44,0,0
1500000US220710017281,2000,681,66,553,10,44
1500000US220710017282,2000,4501,167,4231,49,17
1500000US220710017283,2000,3087,265,2717,47,40
1500000US220710017301,2000,2213,132,1858,64,163
1500000US220710017321,2000,1356,250,1059,20,21
1500000US220710017322,2000,1383,310,1049,7,14
1500000US220710017323,2000,798,203,544,11,35
1500000US220710017324,2000,1179,260,755,28,144
1500000US220710017325,2000,3524,384,2668,47,352
1500000US220710017332,2000,1883,294,1456,82,63
1500000US220710017341,2000,1760,1676,36,18,38
1500000US220710017351,2000,2758,28,2688,35,14
1500000US220710017352,2000,2580,80,2445,39,6
1500000US220710017361,2000,1838,23,1784,29,3
1500000US220710017362,2000,2420,73,2315,17,16
1500000US220710017371,2000,973,287,673,8,3
1500000US220710017372,2000,767,230,518,16,7
1500000US220710017373,2000,2359,81,2212,36,2
1500000US220710017381,2000,6227,208,5910,90,25
1500000US220710017382,2000,3704,378,3226,41,27
1500000US220710017391,2000,1556,75,1412,16,36
1500000US220710017392,2000,1676,83,1564,33,7
1500000US220710017401,2000,3221,140,2894,118,97
1500000US220710017402,2000,2070,75,1935,17,33
1500000US220710017411,2000,1711,139,1103,35,419
1500000US220710017421,2000,2728,55,1211,153,1365
1500000US220710017422,2000,6260,178,3136,52,2855
1500000US220710018001,2000,841,563,194,76,11
1500000US220710018002,2000,678,573,73,31,4
1500000US220710019001,2000,886,55,807,26,3
1500000US220710019002,2000,789,113,635,65,6
1500000US220710019003,2000,849,75,753,69,0
1500000US220710020001,2000,898,44,837,13,5
1500000US220710020002,2000,708,24,677,16,0
1500000US220710020003,2000,549,13,520,16,5
1500000US220710021001,2000,718,15,693,14,0
1500000US220710021002,2000,804,10,781,12,0
1500000US220710022001,2000,675,24,640,16,3
1500000US220710022002,2000,717,25,680,14,0
1500000US220710022003,2000,657,11,636,1,0
1500000US220710023001,2000,613,19,561,49,0
1500000US220710023002,2000,572,26,535,7,0
1500000US220710023003,2000,635,17,609,10,1
1500000US220710023004,2000,554,22,519,20,0
1500000US220710023005,2000,1351,95,1214,35,1
1500000US220710024011,2000,1245,209,1006,27,4
1500000US220710024012,2000,930,139,778,19,5
1500000US220710024021,2000,630,114,503,30,4
1500000US220710024022,2000,1195,178,971,33,7
1500000US220710024023,2000,908,163,727,12,0
1500000US220710024024,2000,974,164,788,26,3
1500000US220710025011,2000,667,229,406,33,7
1500000US220710025012,2000,650,204,415,45,7
1500000US220710025013,2000,607,177,414,36,2
1500000US220710025014,2000,617,204,393,44,1
1500000US220710025021,2000,1014,69,898,30,2
1500000US220710025022,2000,859,149,674,31,15
1500000US220710025023,2000,726,39,658,14,3
1500000US220710025024,2000,500,60,431,6,0
1500000US220710025031,2000,643,215,409,34,2
1500000US220710025032,2000,742,349,363,46,2
1500000US220710025033,2000,650,343,277,8,3
1500000US220710025041,2000,621,157,441,15,1
1500000US220710025042,2000,725,293,391,26,13
1500000US220710025043,2000,638,285,311,17,8
1500000US220710025044,2000,641,189,440,26,0
1500000US220710026001,2000,774,553,197,32,2
1500000US220710026002,2000,852,708,102,51,13
1500000US220710027001,2000,909,18,884,7,0
1500000US220710027002,2000,797,59,700,48,5
1500000US220710027003,2000,804,2,784,20,1
1500000US220710028001,2000,673,2,654,18,0
1500000US220710028002,2000,841,5,823,21,0
1500000US220710028003,2000,571,2,546,18,1
1500000US220710029001,2000,800,17,776,18,3
1500000US220710029003,2000,846,10,832,10,3
1500000US220710029004,2000,663,3,643,17,1
1500000US220710030001,2000,960,10,939,4,0
1500000US220710030002,2000,1012,9,981,3,0
1500000US220710031001,2000,650,5,620,10,0
1500000US220710031002,2000,1286,25,1221,17,1
1500000US220710033011,2000,1243,930,237,71,32
1500000US220710033012,2000,778,534,203,41,25
1500000US220710033013,2000,797,501,241,30,29
1500000US220710033021,2000,813,270,510,34,1
1500000US220710033022,2000,1547,14,1493,40,3
1500000US220710033023,2000,1000,161,811,11,18
1500000US220710033024,2000,805,258,531,35,3
1500000US220710033031,2000,975,461,390,73,77
1500000US220710033032,2000,891,377,405,45,88
1500000US220710033033,2000,648,266,300,51,38
1500000US220710033041,2000,1352,397,894,72,6
1500000US220710033042,2000,1452,254,1129,57,7
1500000US220710033051,2000,605,61,534,10,3
1500000US220710033052,2000,568,5,558,2,0
1500000US220710033063,2000,3643,6,3616,25,0
1500000US220710033064,2000,1611,6,1604,12,0
1500000US220710033071,2000,1033,28,987,6,2
1500000US220710033072,2000,656,17,628,7,0
1500000US220710033081,2000,593,178,385,23,1
1500000US220710033082,2000,1058,101,916,22,4
1500000US220710033083,2000,1405,108,1256,58,0
1500000US220710033084,2000,519,23,483,6,4
1500000US220710033085,2000,607,19,563,4,7
1500000US220710033086,2000,600,28,535,8,0
1500000US220710034001,2000,1000,38,949,6,0
1500000US220710034002,2000,1008,153,829,24,2
1500000US220710035001,2000,647,17,607,9,0
1500000US220710035002,2000,734,19,698,12,0
1500000US220710035003,2000,480,37,437,12,0
1500000US220710036001,2000,647,21,594,16,2
1500000US220710036002,2000,928,16,903,28,0
1500000US220710036003,2000,699,86,595,11,0
1500000US220710037011,2000,664,137,503,25,0
1500000US220710037012,2000,1487,651,794,34,4
1500000US220710037021,2000,863,33,819,21,1
1500000US220710037022,2000,657,50,592,14,0
1500000US220710037023,2000,606,33,551,32,1
1500000US220710037024,2000,879,82,781,14,0
1500000US220710037025,2000,483,322,149,17,2
1500000US220710037026,2000,936,497,398,58,3
1500000US220710038001,2000,853,780,32,27,8
1500000US220710038002,2000,873,806,24,19,17
1500000US220710039001,2000,818,132,663,14,0
1500000US220710039002,2000,629,120,494,8,1
1500000US220710040001,2000,1498,115,1346,40,2
1500000US220710040002,2000,1084,58,1008,29,2
1500000US220710041001,2000,679,502,130,25,23
1500000US220710041002,2000,1041,536,442,31,15
1500000US220710042001,2000,786,720,44,26,6
1500000US220710042002,2000,654,617,14,15,9
1500000US220710042003,2000,615,570,26,11,5
1500000US220710044011,2000,885,25,835,10,0
1500000US220710044012,2000,699,10,685,7,0
1500000US220710044013,2000,736,6,720,12,0
1500000US220710044021,2000,1184,3,1177,6,0
1500000US220710044022,2000,1320,2,1314,6,0
1500000US220710045001,2000,1099,216,848,43,5
1500000US220710045002,2000,1294,55,1223,14,0
1500000US220710045003,2000,748,39,680,41,0
1500000US220710046001,2000,653,604,30,21,7
1500000US220710046002,2000,1439,1202,173,56,23
1500000US220710046003,2000,721,599,66,71,10
1500000US220710047001,2000,395,343,40,10,6
1500000US220710048001,2000,2540,22,2504,21,0
1500000US220710049001,2000,834,28,771,38,6
1500000US220710049002,2000,927,2,924,2,0
1500000US220710049003,2000,566,94,443,28,11
1500000US220710049004,2000,641,69,554,25,8
1500000US220710050001,2000,700,349,246,157,9
1500000US220710050002,2000,966,180,671,156,1
1500000US220710054001,2000,493,432,22,36,7
1500000US220710054002,2000,539,406,107,36,3
1500000US220710054003,2000,604,321,239,54,5
1500000US220710055001,2000,1082,1037,11,47,5
1500000US220710055002,2000,911,804,66,59,6
1500000US220710055003,2000,915,842,27,49,9
1500000US220710056011,2000,791,770,0,32,7
1500000US220710056012,2000,1005,972,12,26,10
1500000US220710056013,2000,549,522,4,28,13
1500000US220710056014,2000,581,559,6,31,4
1500000US220710056021,2000,703,674,1,25,11
1500000US220710056022,2000,918,900,0,26,3
1500000US220710056023,2000,876,854,0,27,10
1500000US220710056024,2000,663,654,6,7,1
1500000US220710056031,2000,747,732,9,28,0
1500000US220710056032,2000,551,534,5,28,1
1500000US220710056033,2000,545,507,10,29,8
1500000US220710056041,2000,619,594,10,29,0
1500000US220710056042,2000,822,807,2,26,5
1500000US220710056043,2000,505,494,5,22,3
1500000US220710057001,2000,510,449,35,20,18
1500000US220710058001,2000,487,262,104,19,78
1500000US220710059001,2000,797,312,460,19,10
1500000US220710060001,2000,1266,411,643,15,187
1500000US220710063001,2000,1099,365,617,184,8
1500000US220710063002,2000,646,83,489,81,17
1500000US220710063003,2000,749,126,554,108,4
1500000US220710064001,2000,723,333,292,133,7
1500000US220710064002,2000,949,342,500,139,20
1500000US220710064003,2000,598,109,426,53,19
1500000US220710064004,2000,923,200,678,75,10
1500000US220710065001,2000,963,533,363,166,4
1500000US220710065002,2000,1082,657,291,219,10
1500000US220710065003,2000,1267,268,828,183,41
1500000US220710067001,2000,643,367,239,43,12
1500000US220710068001,2000,601,0,601,6,0
1500000US220710068002,2000,819,16,798,6,2
1500000US220710068003,2000,518,6,508,1,2
1500000US220710069001,2000,1121,2,1108,7,0
1500000US220710069002,2000,1580,8,1565,12,0
1500000US220710069003,2000,1638,4,1621,19,0
1500000US220710070001,2000,702,38,650,7,1
1500000US220710070002,2000,1470,7,1453,9,1
1500000US220710071001,2000,0,0,0,0,0
1500000US220710071002,2000,6576,685,5778,141,76
1500000US220710071003,2000,1032,133,842,67,8
1500000US220710072001,2000,1058,79,935,26,23
1500000US220710072002,2000,836,18,803,1,0
1500000US220710072003,2000,682,11,665,20,0
1500000US220710075011,2000,682,74,585,13,0
1500000US220710075012,2000,865,11,843,21,5
1500000US220710075013,2000,540,1,539,3,0
1500000US220710075014,2000,509,3,499,4,0
1500000US220710075015,2000,504,5,493,2,1
1500000US220710075021,2000,594,16,564,21,0
1500000US220710075022,2000,606,13,582,5,0
1500000US220710075023,2000,785,19,756,6,1
1500000US220710075024,2000,766,23,740,6,1
1500000US220710075025,2000,1068,45,994,24,0
1500000US220710076031,2000,1911,1814,27,101,23
1500000US220710076032,2000,1101,1052,10,53,20
1500000US220710076033,2000,1712,1594,44,89,35
1500000US220710076041,2000,1186,1140,11,36,19
1500000US220710076042,2000,776,746,22,10,4
1500000US220710076051,2000,691,17,666,13,0
1500000US220710076052,2000,1081,43,1024,14,1
1500000US220710077001,2000,831,695,88,43,27
1500000US220710077002,2000,797,174,608,23,3
1500000US220710078001,2000,1186,782,330,99,13
1500000US220710079001,2000,847,416,392,36,10
1500000US220710080001,2000,425,1,393,9,0
1500000US220710080002,2000,445,5,436,0,1
1500000US220710081011,2000,773,72,673,38,4
1500000US220710081012,2000,1778,9,1752,12,0
1500000US220710081021,2000,406,59,345,8,0
1500000US220710082001,2000,923,669,147,93,9
1500000US220710082002,2000,963,586,312,90,25
1500000US220710083001,2000,702,607,52,27,16
1500000US220710083002,2000,714,132,568,30,0
1500000US220710084001,2000,532,181,315,39,13
1500000US220710084002,2000,707,238,430,28,24
1500000US220710085001,2000,898,3,890,9,2
1500000US220710085002,2000,880,12,856,4,1
1500000US220710086001,2000,870,4,859,4,2
1500000US220710086002,2000,729,4,716,15,3
1500000US220710087001,2000,768,76,680,15,1
1500000US220710088001,2000,862,370,448,34,2
1500000US220710088002,2000,1105,313,763,37,3
1500000US220710089001,2000,972,319,608,59,3
1500000US220710089002,2000,563,102,439,21,1
1500000US220710090001,2000,527,491,18,13,4
1500000US220710090002,2000,687,643,16,50,5
1500000US220710090003,2000,756,698,24,37,8
1500000US220710091001,2000,884,254,592,26,17
1500000US220710091002,2000,591,281,273,19,7
1500000US220710091003,2000,628,4,613,11,0
1500000US220710091004,2000,466,139,311,13,7
1500000US220710092001,2000,528,2,521,2,1
1500000US220710092002,2000,557,3,553,1,0
1500000US220710092003,2000,865,26,834,4,0
1500000US220710093011,2000,653,3,644,6,1
1500000US220710093012,2000,537,0,531,6,0
1500000US220710093021,2000,1128,2,1123,2,1
1500000US220710093022,2000,1131,4,1121,5,1
1500000US220710094001,2000,577,15,551,3,2
1500000US220710094002,2000,433,2,422,0,0
1500000US220710094003,2000,559,6,552,0,0
1500000US220710094004,2000,621,6,613,9,0
1500000US220710096001,2000,546,341,186,35,3
1500000US220710096002,2000,647,189,439,26,0
1500000US220710096003,2000,417,53,361,5,0
1500000US220710097001,2000,696,305,370,35,5
1500000US220710097002,2000,914,179,716,16,3
1500000US220710099001,2000,1262,936,280,48,16
1500000US220710099002,2000,987,754,193,53,9
1500000US220710099003,2000,993,817,129,50,26
1500000US220710100001,2000,624,7,605,4,1
1500000US220710100002,2000,368,4,363,5,0
1500000US220710100003,2000,783,227,516,23,15
1500000US220710100004,2000,580,11,564,0,0
1500000US220710101001,2000,1141,400,701,37,5
1500000US220710101002,2000,1288,883,320,46,44
1500000US220710102001,2000,514,16,494,17,0
1500000US220710102002,2000,538,7,523,8,1
1500000US220710102003,2000,564,6,549,8,2
1500000US220710102004,2000,609,90,503,23,2
1500000US220710102005,2000,471,40,411,15,9
1500000US220710103001,2000,1072,12,1050,13,4
1500000US220710103002,2000,1118,16,1092,21,0
1500000US220710103003,2000,741,96,625,19,3
1500000US220710103004,2000,492,49,435,16,1
1500000US220710104001,2000,395,190,186,16,9
1500000US220710105001,2000,786,392,362,31,7
1500000US220710105002,2000,635,193,416,25,1
1500000US220710106001,2000,752,330,401,19,1
1500000US220710106002,2000,822,332,461,44,3
1500000US220710107001,2000,807,564,201,35,10
1500000US220710107002,2000,1042,529,463,34,15
1500000US220710108001,2000,523,485,19,22,3
1500000US220710108002,2000,926,768,116,31,14
1500000US220710109001,2000,773,118,635,14,5
1500000US220710109002,2000,1172,762,370,52,8
1500000US220710109003,2000,798,675,90,25,19
1500000US220710109004,2000,640,100,528,21,1
1500000US220710111001,2000,925,101,795,16,2
1500000US220710111002,2000,804,126,648,9,6
1500000US220710111003,2000,717,109,587,19,1
1500000US220710112001,2000,736,481,214,39,8
1500000US220710112002,2000,798,441,322,29,6
1500000US220710114001,2000,768,679,44,45,9
1500000US220710114002,2000,1074,994,38,39,7
1500000US220710115001,2000,780,741,29,29,5
1500000US220710115002,2000,912,751,114,25,14
1500000US220710116001,2000,782,728,23,23,11
1500000US220710116002,2000,747,707,25,11,10
1500000US220710117001,2000,675,618,31,23,15
1500000US220710117002,2000,617,594,4,10,10
1500000US220710117003,2000,758,737,9,20,5
1500000US220710117004,2000,969,928,19,32,12
1500000US220710119001,2000,543,500,18,32,6
1500000US220710119002,2000,692,635,8,41,21
1500000US220710119003,2000,529,476,5,22,27
1500000US220710120001,2000,433,403,15,23,7
1500000US220710120002,2000,918,809,81,37,9
1500000US220710121011,2000,993,788,131,76,29
1500000US220710121012,2000,1240,1076,58,58,79
1500000US220710121021,2000,700,618,29,36,30
1500000US220710121022,2000,1882,1538,158,114,54
1500000US220710121023,2000,728,664,8,39,22
1500000US220710122001,2000,1257,899,193,81,96
1500000US220710122002,2000,934,866,24,38,31
1500000US220710123001,2000,587,98,467,26,3
1500000US220710123002,2000,942,286,612,52,7
1500000US220710123003,2000,746,530,163,51,15
1500000US220710124001,2000,726,235,476,19,6
1500000US220710124002,2000,1147,557,563,33,8
1500000US220710125001,2000,681,578,69,35,20
1500000US220710125002,2000,1091,451,592,39,27
1500000US220710126001,2000,652,535,89,43,13
1500000US220710126002,2000,694,421,228,24,17
1500000US220710126003,2000,583,531,13,38,14
1500000US220710127001,2000,778,302,451,16,10
1500000US220710127002,2000,597,230,345,21,8
1500000US220710127003,2000,664,406,241,29,5
1500000US220710127004,2000,470,407,35,28,5
1500000US220710128001,2000,1173,774,348,51,30
1500000US220710128002,2000,591,475,50,33,39
1500000US220710128003,2000,912,596,242,31,25
1500000US220710129001,2000,841,594,199,55,12
1500000US220710129003,2000,731,164,555,17,1
1500000US220710130001,2000,677,184,472,14,3
1500000US220710130002,2000,690,190,483,6,11
1500000US220710130003,2000,626,112,499,11,3
1500000US220710131001,2000,565,3,555,4,0
1500000US220710131002,2000,667,9,649,10,0
1500000US220710131003,2000,470,10,459,12,0
1500000US220710131004,2000,454,6,431,10,3
1500000US220710132001,2000,613,168,440,11,1
1500000US220710132002,2000,1151,155,964,28,13
1500000US220710132003,2000,832,139,671,8,2
1500000US220710132004,2000,636,199,418,10,0
1500000US220710133011,2000,1517,1459,6,41,38
1500000US220710133012,2000,804,767,5,23,16
1500000US220710133013,2000,612,589,8,11,11
1500000US220710133014,2000,682,659,5,23,11
1500000US220710133021,2000,1288,830,382,59,44
1500000US220710133022,2000,874,794,29,21,38
1500000US220510201011,2000,1425,1320,8,64,52
1500000US220510201012,2000,1374,1348,1,31,10
1500000US220510201021,2000,1058,1031,1,23,16
1500000US220510201022,2000,1430,1367,13,60,19
1500000US220510201023,2000,877,860,1,8,12
1500000US220510202011,2000,801,673,33,49,48
1500000US220510202012,2000,1248,1117,25,106,64
1500000US220510202021,2000,3080,1786,612,788,217
1500000US220510202022,2000,325,254,22,59,26
1500000US220510202031,2000,605,557,1,25,34
1500000US220510202032,2000,2274,2148,0,80,106
1500000US220510202033,2000,1438,1322,7,59,77
1500000US220510202034,2000,1113,1051,4,44,36
1500000US220510202035,2000,1815,1357,151,352,101
1500000US220510203011,2000,1233,1194,4,33,19
1500000US220510203012,2000,2083,1960,1,92,67
1500000US220510203021,2000,1846,1670,11,77,112
1500000US220510203022,2000,1636,1507,6,118,55
1500000US220510203023,2000,898,801,7,75,60
1500000US220510203024,2000,961,892,6,52,41
1500000US220510203032,2000,1567,1456,3,71,77
1500000US220510203033,2000,1009,948,14,49,26
1500000US220510203034,2000,1197,1113,12,92,35
1500000US220510204001,2000,1614,1512,10,59,66
1500000US220510204002,2000,1877,1806,3,59,58
1500000US220510205021,2000,2657,1986,369,489,83
1500000US220510205022,2000,2536,2094,150,553,54
1500000US220510205023,2000,1096,905,90,243,30
1500000US220510205051,2000,1163,21,1119,28,0
1500000US220510205052,2000,1003,194,745,121,4
1500000US220510205061,2000,2474,1584,153,1298,124
1500000US220510205063,2000,1590,1378,88,209,53
1500000US220510205064,2000,1437,1228,85,161,40
1500000US220510205071,2000,2144,1809,140,233,93
1500000US220510205072,2000,2156,1808,92,460,65
1500000US220510205081,2000,3185,2410,358,659,99
1500000US220510205082,2000,1905,1295,347,478,33
1500000US220510205083,2000,1913,1596,196,135,80
1500000US220510205091,2000,982,708,157,135,52
1500000US220510205092,2000,1388,1070,146,302,30
1500000US220510205093,2000,907,776,78,62,16
1500000US220510205094,2000,3169,1525,1211,860,35
1500000US220510205095,2000,1604,1105,334,219,30
1500000US220510205101,2000,1759,1534,81,91,121
1500000US220510205102,2000,2442,1983,255,145,133
1500000US220510205103,2000,213,180,18,21,11
1500000US220510205111,2000,1641,1219,313,182,29
1500000US220510205112,2000,1484,1205,129,116,104
1500000US220510205113,2000,1091,961,35,87,63
1500000US220510205121,2000,1355,1157,94,112,71
1500000US220510205122,2000,480,449,14,17,14
1500000US220510205123,2000,1155,827,170,171,72
1500000US220510205131,2000,1271,774,305,229,29
1500000US220510205132,2000,954,826,45,53,45
1500000US220510205133,2000,1229,943,160,209,38
1500000US220510205134,2000,1099,904,115,98,15
1500000US220510205141,2000,1706,1624,6,64,65
1500000US220510205142,2000,1056,996,9,28,41
1500000US220510205143,2000,1415,1322,8,95,59
1500000US220510206001,2000,906,443,423,78,8
1500000US220510206002,2000,912,230,647,67,2
1500000US220510206003,2000,2178,343,1727,128,25
1500000US220510206004,2000,1515,125,1337,59,3
1500000US220510206005,2000,1,0,0,0,0
1500000US220510206006,2000,1,1,0,0,0
1500000US220510207001,2000,297,106,175,16,0
1500000US220510207002,2000,1215,578,532,121,14
1500000US220510208001,2000,234,17,214,9,0
1500000US220510208002,2000,998,236,751,8,0
1500000US220510209001,2000,367,15,346,6,0
1500000US220510209002,2000,760,63,678,3,0
1500000US220510210001,2000,992,731,182,96,6
1500000US220510210002,2000,682,497,162,38,5
1500000US220510210003,2000,912,508,337,87,6
1500000US220510211001,2000,765,664,29,75,13
1500000US220510211002,2000,771,705,31,54,4
1500000US220510211003,2000,844,561,237,66,11
1500000US220510212001,2000,1133,1025,42,110,35
1500000US220510212002,2000,1375,794,435,218,39
1500000US220510213001,2000,1426,1383,10,126,7
1500000US220510213002,2000,797,729,19,74,8
1500000US220510213003,2000,836,746,19,64,44
1500000US220510214001,2000,1151,1090,11,70,21
1500000US220510214002,2000,989,924,8,96,18
1500000US220510215001,2000,2976,1981,539,297,190
1500000US220510216001,2000,2346,1959,198,164,82
1500000US220510216002,2000,1604,1485,58,162,11
1500000US220510216003,2000,2473,2095,131,335,50
1500000US220510217001,2000,974,833,23,123,43
1500000US220510217002,2000,742,638,35,77,35
1500000US220510217003,2000,711,656,2,58,30
1500000US220510217004,2000,590,535,26,42,14
1500000US220510217005,2000,805,759,5,79,11
1500000US220510217006,2000,1592,1182,157,217,136
1500000US220510218011,2000,2200,1921,59,210,133
1500000US220510218012,2000,1047,903,47,142,27
1500000US220510218021,2000,1952,1247,210,417,174
1500000US220510218022,2000,4807,3016,1192,701,222
1500000US220510219001,2000,1947,1582,137,268,107
1500000US220510220011,2000,31,29,0,2,0
1500000US220510220012,2000,1652,872,582,205,49
1500000US220510220013,2000,3001,2133,493,293,166
1500000US220510220021,2000,1263,1245,4,35,4
1500000US220510220022,2000,521,508,5,10,3
1500000US220510220023,2000,925,912,1,56,0
1500000US220510221011,2000,1381,1324,6,21,29
1500000US220510221021,2000,1230,1066,82,62,41
1500000US220510221022,2000,1288,1166,42,71,43
1500000US220510222001,2000,1187,1159,1,31,12
1500000US220510222002,2000,650,631,0,54,6
1500000US220510222003,2000,658,624,7,28,16
1500000US220510223011,2000,946,893,3,28,41
1500000US220510223012,2000,1019,976,0,43,21
1500000US220510223013,2000,903,823,36,54,24
1500000US220510223021,2000,1044,1005,6,45,15
1500000US220510223022,2000,796,757,4,41,19
1500000US220510223031,2000,1619,1296,64,162,167
1500000US220510223032,2000,1233,959,66,187,117
1500000US220510224001,2000,458,449,1,21,1
1500000US220510224002,2000,1189,1174,1,42,2
1500000US220510224004,2000,1763,1710,8,82,6
1500000US220510225001,2000,666,648,2,24,6
1500000US220510225002,2000,1270,1234,7,47,9
1500000US220510225004,2000,1027,1006,3,29,3
1500000US220510226001,2000,876,872,1,15,2
1500000US220510226002,2000,894,877,3,15,8
1500000US220510226003,2000,1374,1355,4,41,4
1500000US220510227001,2000,672,649,0,18,5
1500000US220510227002,2000,780,766,7,20,1
1500000US220510227003,2000,669,635,11,21,10
1500000US220510227004,2000,705,685,0,20,10
1500000US220510228001,2000,913,874,3,92,11
1500000US220510228002,2000,1222,1167,7,57,22
1500000US220510228003,2000,1047,1003,8,53,12
1500000US220510229001,2000,1015,980,5,56,7
1500000US220510229002,2000,932,886,16,49,2
1500000US220510229003,2000,1045,961,26,59,3
1500000US220510230011,2000,1636,1575,12,94,22
1500000US220510230012,2000,354,348,0,15,3
1500000US220510230021,2000,1465,1347,21,54,42
1500000US220510230022,2000,3349,3202,44,155,40
1500000US220510230031,2000,969,930,8,57,3
1500000US220510230032,2000,1084,1059,12,57,0
1500000US220510230033,2000,888,843,17,44,2
1500000US220510231001,2000,1055,992,10,55,20
1500000US220510231002,2000,1464,1387,15,71,8
1500000US220510232001,2000,1024,962,21,74,3
1500000US220510232002,2000,2534,2004,280,297,29
1500000US220510233001,2000,1108,1061,9,73,16
1500000US220510233002,2000,780,751,17,26,5
1500000US220510234001,2000,1214,1160,4,56,20
1500000US220510234003,2000,971,942,1,49,7
1500000US220510234004,2000,1186,1104,21,58,17
1500000US220510235001,2000,1937,1822,40,126,16
1500000US220510235002,2000,1504,1417,40,80,11
1500000US220510235003,2000,1377,1300,25,69,12
1500000US220510236001,2000,1843,1073,688,136,5
1500000US220510236002,2000,1483,1309,117,142,14
1500000US220510236003,2000,2186,1883,199,201,11
1500000US220510237001,2000,1402,10,1383,12,0
1500000US220510237002,2000,1280,6,1261,15,5
1500000US220510238001,2000,2363,2125,174,84,25
1500000US220510238002,2000,1973,522,1381,41,30
1500000US220510239011,2000,1125,1109,0,33,3
1500000US220510239012,2000,1372,1335,6,31,13
1500000US220510239021,2000,887,874,2,31,1
1500000US220510239022,2000,825,810,4,23,6
1500000US220510239023,2000,698,675,2,23,9
1500000US220510239031,2000,516,507,0,13,1
1500000US220510239032,2000,996,983,2,25,3
1500000US220510239033,2000,946,921,11,22,2
1500000US220510239043,2000,1507,1480,2,52,2
1500000US220510239044,2000,1318,1253,19,47,19
1500000US220510240011,2000,998,971,0,14,6
1500000US220510240012,2000,877,855,1,19,0
1500000US220510240013,2000,1203,1149,18,28,8
1500000US220510240021,2000,1260,1232,0,28,1
1500000US220510240022,2000,1018,999,0,20,9
1500000US220510240023,2000,908,878,1,33,1
1500000US220510241001,2000,2011,1919,40,65,10
1500000US220510241002,2000,1672,1653,1,37,2
1500000US220510242001,2000,1560,1282,224,83,6
1500000US220510242002,2000,3380,2576,486,198,188
1500000US220510243001,2000,1178,1017,118,35,13
1500000US220510243002,2000,927,879,25,28,5
1500000US220510243003,2000,247,230,9,10,0
1500000US220510243004,2000,643,627,1,16,7
1500000US220510244001,2000,1418,1255,137,47,9
1500000US220510244002,2000,603,530,56,13,0
1500000US220510244003,2000,1018,798,174,73,9
1500000US220510245001,2000,594,471,95,36,3
1500000US220510245002,2000,1042,983,27,49,4
1500000US220510246001,2000,148,1,147,1,0
1500000US220510246002,2000,317,1,300,2,0
1500000US220510246003,2000,251,113,123,7,11
1500000US220510246004,2000,494,20,469,5,1
1500000US220510246005,2000,543,169,345,30,8
1500000US220510247001,2000,528,434,66,29,9
1500000US220510247002,2000,364,336,11,18,2
1500000US220510247003,2000,850,479,313,50,33
1500000US220510248001,2000,772,757,3,20,7
1500000US220510248002,2000,1359,1337,0,12,8
1500000US220510248003,2000,0,0,0,0,0
1500000US220510248005,2000,1591,1558,8,27,15
1500000US220510249001,2000,430,294,112,26,10
1500000US220510249002,2000,621,236,320,78,8
1500000US220510249003,2000,927,755,88,79,53
1500000US220510250011,2000,1687,978,507,121,116
1500000US220510250012,2000,1362,1131,108,123,73
1500000US220510250013,2000,2825,358,2301,135,40
1500000US220510250014,2000,2124,1052,776,133,193
1500000US220510250021,2000,1104,584,384,178,32
1500000US220510250022,2000,875,674,99,70,52
1500000US220510250023,2000,1489,1161,237,160,27
1500000US220510250032,2000,1545,913,430,163,51
1500000US220510250033,2000,982,860,54,72,12
1500000US220510250034,2000,1504,1311,57,116,63
1500000US220510251021,2000,744,594,98,40,23
1500000US220510251022,2000,1968,1640,173,117,67
1500000US220510251023,2000,1388,1069,198,73,81
1500000US220510251031,2000,987,641,203,91,59
1500000US220510251032,2000,488,143,270,57,14
1500000US220510251033,2000,1318,714,424,114,94
1500000US220510251034,2000,1131,681,404,26,14
1500000US220510251041,2000,1789,954,566,186,93
1500000US220510251042,2000,651,352,171,112,37
1500000US220510251043,2000,1097,748,263,74,39
1500000US220510252011,2000,7,6,0,0,0
1500000US220510252012,2000,2069,480,1389,182,20
1500000US220510252013,2000,1072,776,238,56,25
1500000US220510252021,2000,2500,941,1377,171,66
1500000US220510252022,2000,1098,872,109,134,20
1500000US220510252023,2000,1783,914,627,290,69
1500000US220510252024,2000,1248,1163,29,88,26
1500000US220510253001,2000,641,356,214,102,10
1500000US220510253002,2000,1644,1416,136,120,31
1500000US220510254001,2000,2271,1119,670,297,244
1500000US220510254002,2000,918,857,15,29,13
1500000US220510254003,2000,1586,604,908,75,6
1500000US220510255001,2000,1021,588,240,126,104
1500000US220510255002,2000,1319,263,979,78,18
1500000US220510255003,2000,597,371,183,68,12
1500000US220510256001,2000,278,263,8,11,5
1500000US220510256002,2000,1279,835,358,59,27
1500000US220510257001,2000,670,41,615,9,0
1500000US220510257002,2000,964,266,662,26,14
1500000US220510258001,2000,1113,625,433,31,5
1500000US220510258003,2000,838,436,368,25,11
1500000US220510259001,2000,540,349,179,13,1
1500000US220510259002,2000,1239,680,484,45,24
1500000US220510259003,2000,297,173,94,5,14
1500000US220510259004,2000,1237,671,529,25,7
1500000US220510260001,2000,666,570,53,38,20
1500000US220510260002,2000,267,99,160,9,5
1500000US220510260003,2000,545,466,37,41,0
1500000US220510260004,2000,690,547,87,62,16
1500000US220510261001,2000,1703,146,1405,115,24
1500000US220510261002,2000,2454,1068,1066,213,210
1500000US220510261003,2000,1412,318,1029,47,36
1500000US220510262001,2000,1106,17,1081,9,0
1500000US220510262002,2000,644,3,633,3,1
1500000US220510263001,2000,1966,1805,85,82,7
1500000US220510263002,2000,593,520,5,19,56
1500000US220510264001,2000,850,807,8,34,9
1500000US220510264002,2000,1009,893,34,54,57
1500000US220510265001,2000,1335,1182,95,53,14
1500000US220510265003,2000,1043,963,57,25,2
1500000US220510266001,2000,407,380,9,13,0
1500000US220510266002,2000,924,858,18,31,11
1500000US220510266003,2000,621,581,4,31,13
1500000US220510267001,2000,537,408,109,23,0
1500000US220510267002,2000,1473,1112,296,51,13
1500000US220510268001,2000,1489,339,1061,29,58
1500000US220510268003,2000,1665,213,1435,24,1
1500000US220510269001,2000,1179,188,978,8,9
1500000US220510269002,2000,1609,19,1566,3,2
1500000US220510269003,2000,1475,9,1462,8,0
1500000US220510270001,2000,1821,730,933,45,126
1500000US220510270002,2000,1226,760,312,48,119
1500000US220510270003,2000,938,694,208,35,7
1500000US220510270004,2000,536,256,260,27,6
1500000US220510270005,2000,1093,983,56,46,17
1500000US220510271001,2000,1373,1263,60,51,26
1500000US220510271002,2000,1413,903,438,46,25
1500000US220510271003,2000,1442,1218,37,119,97
1500000US220510272001,2000,1058,994,29,26,3
1500000US220510272002,2000,988,930,9,35,5
1500000US220510272003,2000,1569,801,728,26,6
1500000US220510272004,2000,810,709,67,35,4
1500000US220510272005,2000,1436,776,627,34,0
1500000US220510273001,2000,636,488,125,19,3
1500000US220510274001,2000,1370,639,668,52,18
1500000US220510274002,2000,514,474,7,42,3
1500000US220510274003,2000,2442,1554,607,170,156
1500000US220510275011,2000,2824,2006,637,208,40
1500000US220510275012,2000,2197,1695,390,158,25
1500000US220510275013,2000,462,350,96,13,4
1500000US220510275024,2000,2484,9,2438,5,7
1500000US220510275025,2000,1309,12,1287,11,1
1500000US220510275026,2000,288,0,288,1,0
1500000US220510276011,2000,1271,1056,171,32,16
1500000US220510276012,2000,3158,1915,635,160,476
1500000US220510276013,2000,1008,493,294,69,172
1500000US220510276014,2000,27,6,21,0,0
1500000US220510276021,2000,825,77,727,36,2
1500000US220510276022,2000,1255,179,1041,20,7
1500000US220510276023,2000,1962,837,945,51,142
1500000US220510276024,2000,29,7,7,0,15
1500000US220510277011,2000,1244,165,1045,29,19
1500000US220510277012,2000,1133,99,1015,14,0
1500000US220510277013,2000,2547,33,2481,17,2
1500000US220510277014,2000,1619,9,1595,17,0
1500000US220510277015,2000,0,0,0,0,0
1500000US220510277031,2000,2229,756,1229,123,132
1500000US220510277032,2000,1290,884,240,174,90
1500000US220510277033,2000,1087,725,258,69,61
1500000US220510277041,2000,1731,1304,310,113,38
1500000US220510277042,2000,1169,1024,94,73,3
1500000US220510277043,2000,0,0,0,0,0
1500000US220510277044,2000,1074,881,54,63,21
1500000US220510277051,2000,1,1,0,0,0
1500000US220510278031,2000,2760,542,1822,208,198
1500000US220510278032,2000,1446,784,509,106,87
1500000US220510278041,2000,1919,1074,573,69,186
1500000US220510278042,2000,3432,2124,876,201,296
1500000US220510278043,2000,1434,1019,270,87,127
1500000US220510278051,2000,4055,2737,889,165,318
1500000US220510278052,2000,3565,860,2358,170,200
1500000US220510278053,2000,130,97,9,1,24
1500000US220510278061,2000,1079,982,44,60,17
1500000US220510278062,2000,2183,1350,655,132,117
1500000US220510278063,2000,2818,2359,264,125,125
1500000US220510278064,2000,1313,1011,195,72,54
1500000US220510278071,2000,952,663,183,60,81
1500000US220510278072,2000,1537,1231,173,47,106
1500000US220510278073,2000,3202,2471,477,182,144
1500000US220510278074,2000,1865,1418,348,104,19
1500000US220510278091,2000,3147,2090,745,330,119
1500000US220510278092,2000,2337,2030,197,103,37
1500000US220510278093,2000,1368,1052,203,126,18
1500000US220510278094,2000,0,0,0,0,0
1500000US220510278101,2000,1703,641,779,119,183
1500000US220510278102,2000,1303,402,767,72,99
1500000US220510278103,2000,1740,455,1128,84,92
1500000US220510278111,2000,1454,273,1064,78,57
1500000US220510278112,2000,1276,420,718,47,92
1500000US220510278113,2000,1165,307,742,52,86
1500000US220510278121,2000,20,4,11,1,5
1500000US220510278122,2000,1564,151,1245,88,85
1500000US220510278123,2000,2774,573,2063,155,77
1500000US220510279001,2000,2421,2265,13,42,28
1500000US220510279002,2000,1333,1159,148,25,0
1500000US220510279003,2000,1292,1213,18,26,8
1500000US220510279004,2000,563,546,1,15,0
1500000US220510279005,2000,748,720,1,8,3
1500000US220510279006,2000,230,214,1,0,0
1500000US220510279007,2000,0,0,0,0,0
1500000US220710001001,2010,974,686,251,47,3
1500000US220710001002,2010,877,597,234,71,5
1500000US220710001003,2010,604,513,72,41,1
1500000US220710002001,2010,613,88,502,23,0
1500000US220710002002,2010,584,70,502,10,0
1500000US220710003001,2010,666,19,636,6,0
1500000US220710003002,2010,565,64,473,12,5
1500000US220710004001,2010,1197,301,849,29,17
1500000US220710004002,2010,1131,22,1096,7,2
1500000US220710006011,2010,218,3,214,1,0
1500000US220710006012,2010,631,2,613,12,0
1500000US220710006021,2010,784,102,641,50,6
1500000US220710006022,2010,809,54,727,22,0
1500000US220710006023,2010,941,74,845,24,0
1500000US220710006031,2010,659,61,447,142,47
1500000US220710006032,2010,946,47,807,128,8
1500000US220710006041,2010,1455,107,1290,66,7
1500000US220710006042,2010,1478,421,950,113,29
1500000US220710006043,2010,992,36,911,47,2
1500000US220710006051,2010,870,154,689,34,0
1500000US220710006052,2010,530,99,416,20,0
1500000US220710006053,2010,805,336,401,78,20
1500000US220710006061,2010,1355,674,601,80,36
1500000US220710006062,2010,1536,592,811,139,45
1500000US220710006063,2010,1455,416,960,70,28
1500000US220710006071,2010,743,351,382,27,2
1500000US220710006072,2010,1218,806,365,60,14
1500000US220710006073,2010,1748,1034,569,118,44
1500000US220710006111,2010,1680,17,1643,10,3
1500000US220710006112,2010,2330,79,1704,133,443
1500000US220710006121,2010,1759,1156,347,123,170
1500000US220710006131,2010,780,145,581,52,25
1500000US220710006132,2010,1057,92,902,55,9
1500000US220710006133,2010,1919,364,1513,49,7
1500000US220710006151,2010,1642,657,843,103,72
1500000US220710006152,2010,2372,344,1892,163,30
1500000US220710006161,2010,1152,362,718,61,28
1500000US220710006162,2010,1874,294,1524,29,24
1500000US220710006163,2010,1686,958,575,84,73
1500000US220710006171,2010,1652,332,1243,81,19
1500000US220710006172,2010,2682,232,2247,164,47
1500000US220710006181,2010,1563,788,615,64,104
1500000US220710006182,2010,2253,797,1296,80,82
1500000US220710007011,2010,74,0,73,0,0
1500000US220710007012,2010,46,1,45,0,0
1500000US220710007013,2010,291,10,274,3,2
1500000US220710007014,2010,157,3,154,0,0
1500000US220710007021,2010,364,27,328,9,1
1500000US220710007022,2010,455,32,413,25,0
1500000US220710007023,2010,157,34,121,5,0
1500000US220710007024,2010,327,65,252,8,0
1500000US220710008001,2010,420,15,402,0,0
1500000US220710008002,2010,531,11,501,9,3
1500000US220710008003,2010,460,36,418,2,1
1500000US220710009011,2010,119,9,110,0,0
1500000US220710009012,2010,90,0,68,12,0
1500000US220710009013,2010,143,0,136,4,0
1500000US220710009014,2010,264,2,262,3,0
1500000US220710009021,2010,65,1,63,2,0
1500000US220710009022,2010,92,2,87,5,0
1500000US220710009023,2010,91,7,84,3,0
1500000US220710009024,2010,72,1,71,0,0
1500000US220710009031,2010,194,5,187,0,0
1500000US220710009032,2010,148,1,136,4,0
1500000US220710009033,2010,90,2,87,0,0
1500000US220710009034,2010,76,0,76,0,0
1500000US220710009041,2010,333,6,321,5,0
1500000US220710009042,2010,497,7,483,1,0
1500000US220710011001,2010,592,79,493,26,1
1500000US220710011002,2010,1065,650,338,80,12
1500000US220710011003,2010,6,3,1,2,0
1500000US220710012001,2010,589,436,110,45,2
1500000US220710012002,2010,550,401,94,39,7
1500000US220710012003,2010,535,405,82,32,3
1500000US220710013011,2010,708,66,625,12,1
1500000US220710013012,2010,502,318,162,21,3
1500000US220710013013,2010,497,105,381,25,0
1500000US220710013014,2010,434,10,413,8,0
1500000US220710013021,2010,522,7,504,6,0
1500000US220710013022,2010,591,29,555,8,0
1500000US220710014011,2010,246,0,241,1,0
1500000US220710014012,2010,228,7,216,6,0
1500000US220710014013,2010,257,5,248,6,0
1500000US220710014014,2010,248,6,241,4,0
1500000US220710014015,2010,115,5,107,5,0
1500000US220710014016,2010,208,1,205,1,0
1500000US220710014021,2010,507,32,465,8,3
1500000US220710014022,2010,273,7,259,8,0
1500000US220710014023,2010,305,5,294,1,0
1500000US220710014024,2010,619,8,596,5,9
1500000US220710015001,2010,421,16,394,16,0
1500000US220710015002,2010,508,80,383,57,21
1500000US220710016001,2010,6,0,6,0,0
1500000US220710017011,2010,583,3,576,3,0
1500000US220710017012,2010,364,6,341,2,0
1500000US220710017013,2010,535,3,526,3,0
1500000US220710017021,2010,681,14,654,8,2
1500000US220710017022,2010,762,19,725,14,1
1500000US220710017023,2010,517,67,435,14,2
1500000US220710017024,2010,857,580,152,26,116
1500000US220710017201,2010,585,14,552,19,0
1500000US220710017202,2010,605,11,587,2,0
1500000US220710017203,2010,1279,16,1240,15,0
1500000US220710017204,2010,941,43,873,51,1
1500000US220710017221,2010,480,8,461,15,0
1500000US220710017222,2010,508,32,454,30,0
1500000US220710017223,2010,1121,3,1103,14,0
1500000US220710017224,2010,403,0,381,25,0
1500000US220710017225,2010,946,0,926,11,2
1500000US220710017226,2010,290,4,281,2,0
1500000US220710017227,2010,203,1,202,1,0
1500000US220710017231,2010,818,20,749,17,28
1500000US220710017232,2010,1628,65,1505,16,39
1500000US220710017233,2010,780,21,747,15,0
1500000US220710017234,2010,987,40,920,18,0
1500000US220710017241,2010,800,98,686,19,2
1500000US220710017242,2010,918,67,823,17,0
1500000US220710017243,2010,1437,13,1385,39,0
1500000US220710017244,2010,1058,35,1000,26,1
1500000US220710017251,2010,1620,101,1460,49,13
1500000US220710017252,2010,1245,79,1116,49,0
1500000US220710017253,2010,1517,16,1469,19,9
1500000US220710017254,2010,1519,84,1404,20,10
1500000US220710017301,2010,832,28,729,14,46
1500000US220710017341,2010,892,774,61,27,44
1500000US220710017351,2010,1245,11,1205,22,3
1500000US220710017352,2010,1016,8,982,31,0
1500000US220710017361,2010,524,4,509,6,0
1500000US220710017362,2010,1230,15,1179,36,5
1500000US220710017371,2010,1052,15,1003,27,1
1500000US220710017372,2010,803,59,722,15,1
1500000US220710017373,2010,608,71,503,16,2
1500000US220710017391,2010,1035,12,980,16,10
1500000US220710017392,2010,404,4,386,3,4
1500000US220710017401,2010,1042,1,998,16,26
1500000US220710017402,2010,1626,32,1502,97,14
1500000US220710017403,2010,1462,20,1339,44,49
1500000US220710017411,2010,1376,31,859,38,445
1500000US220710017431,2010,1249,50,1164,21,2
1500000US220710017432,2010,757,70,644,55,2
1500000US220710017441,2010,1355,12,1293,11,35
1500000US220710017442,2010,1495,16,1470,15,6
1500000US220710017443,2010,1116,14,1077,17,5
1500000US220710017451,2010,2005,84,1855,26,15
1500000US220710017452,2010,1279,18,1217,29,20
1500000US220710017461,2010,1130,14,1088,25,5
1500000US220710017462,2010,1488,11,1445,23,5
1500000US220710017463,2010,1678,90,1536,44,1
1500000US220710017471,2010,2022,36,1413,23,544
1500000US220710017472,2010,1488,58,1269,19,131
1500000US220710017481,2010,940,43,725,20,147
1500000US220710017482,2010,1039,40,957,15,30
1500000US220710017483,2010,1122,72,1004,21,18
1500000US220710017484,2010,672,24,584,16,54
1500000US220710017491,2010,1301,15,557,45,694
1500000US220710017492,2010,1210,81,296,288,609
1500000US220710017501,2010,1098,19,350,14,690
1500000US220710017502,2010,932,86,573,167,186
1500000US220710017503,2010,1259,60,162,146,919
1500000US220710017511,2010,836,163,515,183,37
1500000US220710018001,2010,736,584,88,64,10
1500000US220710018002,2010,645,560,36,37,10
1500000US220710019001,2010,562,90,442,17,5
1500000US220710019002,2010,528,132,369,45,0
1500000US220710019003,2010,496,101,350,48,5
1500000US220710020001,2010,486,24,443,16,2
1500000US220710020002,2010,426,36,380,9,0
1500000US220710020003,2010,405,26,358,25,0
1500000US220710021001,2010,404,9,392,4,0
1500000US220710021002,2010,452,13,433,10,0
1500000US220710022001,2010,384,18,361,7,0
1500000US220710022002,2010,385,16,346,14,0
1500000US220710022003,2010,289,2,283,0,0
1500000US220710023001,2010,237,7,219,6,1
1500000US220710023002,2010,220,10,199,2,0
1500000US220710023003,2010,198,1,191,6,0
1500000US220710023004,2010,227,2,225,3,0
1500000US220710023005,2010,933,73,817,38,5
1500000US220710024011,2010,959,119,796,38,12
1500000US220710024012,2010,656,76,566,24,0
1500000US220710024021,2010,481,69,385,25,0
1500000US220710024022,2010,842,66,758,27,2
1500000US220710024023,2010,678,24,623,20,1
1500000US220710024024,2010,848,90,715,34,5
1500000US220710025011,2010,463,79,347,32,8
1500000US220710025012,2010,374,40,304,19,8
1500000US220710025013,2010,363,28,324,21,1
1500000US220710025014,2010,373,42,308,13,2
1500000US220710025021,2010,596,3,574,9,5
1500000US220710025022,2010,523,31,477,8,1
1500000US220710025023,2010,383,14,360,14,0
1500000US220710025024,2010,330,20,290,16,0
1500000US220710025031,2010,397,59,315,21,1
1500000US220710025032,2010,635,144,458,25,4
1500000US220710025033,2010,552,228,295,14,2
1500000US220710025041,2010,449,58,370,23,1
1500000US220710025042,2010,652,177,439,26,1
1500000US220710025043,2010,549,215,304,27,0
1500000US220710025044,2010,512,62,423,11,4
1500000US220710026001,2010,795,569,163,40,16
1500000US220710026002,2010,797,632,103,61,16
1500000US220710027001,2010,506,27,451,37,1
1500000US220710027002,2010,497,95,383,13,12
1500000US220710027003,2010,472,41,385,53,0
1500000US220710028001,2010,388,4,367,6,0
1500000US220710028002,2010,698,12,676,7,0
1500000US220710028003,2010,340,8,322,7,0
1500000US220710029001,2010,497,20,463,13,1
1500000US220710029002,2010,336,1,323,5,0
1500000US220710029003,2010,323,8,300,15,1
1500000US220710030001,2010,541,14,515,11,0
1500000US220710030002,2010,559,6,526,13,0
1500000US220710031001,2010,363,13,339,14,1
1500000US220710031002,2010,721,15,676,14,3
1500000US220710033011,2010,747,299,362,70,46
1500000US220710033012,2010,412,187,201,26,15
1500000US220710033013,2010,421,193,197,44,15
1500000US220710033021,2010,433,84,322,22,8
1500000US220710033022,2010,1076,27,1006,32,8
1500000US220710033023,2010,710,81,589,20,7
1500000US220710033024,2010,428,63,348,27,3
1500000US220710033031,2010,725,191,415,83,67
1500000US220710033032,2010,668,104,454,29,88
1500000US220710033033,2010,372,102,222,38,32
1500000US220710033041,2010,840,99,706,45,3
1500000US220710033042,2010,905,53,816,48,0
1500000US220710033071,2010,694,23,635,38,3
1500000US220710033072,2010,493,12,470,24,0
1500000US220710033081,2010,394,49,330,10,2
1500000US220710033082,2010,615,23,564,14,0
1500000US220710033083,2010,1221,43,1133,15,9
1500000US220710033084,2010,353,2,341,4,0
1500000US220710033085,2010,419,2,405,2,1
1500000US220710033086,2010,184,16,162,5,1
1500000US220710034001,2010,606,111,466,32,1
1500000US220710034002,2010,616,182,407,44,3
1500000US220710035001,2010,466,9,434,12,0
1500000US220710035002,2010,345,13,329,6,0
1500000US220710035003,2010,420,72,323,11,5
1500000US220710036001,2010,411,19,381,19,0
1500000US220710036002,2010,620,58,535,22,2
1500000US220710036003,2010,462,74,367,31,0
1500000US220710037011,2010,1216,425,746,48,16
1500000US220710037012,2010,506,96,392,24,3
1500000US220710037021,2010,612,10,596,19,0
1500000US220710037022,2010,511,39,434,25,1
1500000US220710037023,2010,462,22,421,11,2
1500000US220710037024,2010,629,95,509,23,1
1500000US220710037025,2010,440,327,82,28,9
1500000US220710037026,2010,816,547,193,76,7
1500000US220710038001,2010,698,648,30,17,6
1500000US220710038002,2010,777,713,27,28,12
1500000US220710039001,2010,605,228,341,57,2
1500000US220710039002,2010,590,266,277,46,2
1500000US220710040001,2010,1069,197,822,48,2
1500000US220710040002,2010,791,55,701,34,5
1500000US220710041001,2010,864,579,233,36,10
1500000US220710041002,2010,561,481,52,29,9
1500000US220710044011,2010,350,21,307,21,5
1500000US220710044012,2010,357,10,339,3,0
1500000US220710044013,2010,393,37,342,17,0
1500000US220710044021,2010,0,0,0,0,0
1500000US220710044022,2010,0,0,0,0,0
1500000US220710045001,2010,423,37,366,32,0
1500000US220710045002,2010,824,105,696,37,2
1500000US220710045003,2010,857,371,414,88,11
1500000US220710046001,2010,625,561,49,16,3
1500000US220710046002,2010,1447,1244,102,106,26
1500000US220710046003,2010,632,543,63,43,3
1500000US220710048001,2010,1238,3,1202,18,0
1500000US220710049001,2010,486,71,360,89,5
1500000US220710049002,2010,634,91,504,100,0
1500000US220710049003,2010,334,66,228,58,3
1500000US220710049004,2010,357,77,241,75,2
1500000US220710050001,2010,548,324,166,119,11
1500000US220710050002,2010,699,171,385,253,6
1500000US220710054001,2010,514,408,76,48,1
1500000US220710054002,2010,517,369,100,64,4
1500000US220710054003,2010,878,545,274,59,15
1500000US220710055001,2010,863,785,37,53,7
1500000US220710055002,2010,788,670,62,70,7
1500000US220710055003,2010,647,571,25,50,6
1500000US220710056011,2010,500,480,4,33,5
1500000US220710056012,2010,531,491,7,38,3
1500000US220710056013,2010,348,308,32,23,6
1500000US220710056014,2010,440,410,12,33,12
1500000US220710056021,2010,495,440,23,39,9
1500000US220710056022,2010,608,583,11,16,2
1500000US220710056023,2010,603,562,25,25,8
1500000US220710056024,2010,363,344,10,16,8
1500000US220710056031,2010,527,507,11,28,4
1500000US220710056032,2010,388,363,15,20,3
1500000US220710056033,2010,340,288,28,29,7
1500000US220710056041,2010,364,340,10,23,11
1500000US220710056042,2010,525,504,9,17,3
1500000US220710056043,2010,362,314,24,43,1
1500000US220710060001,2010,1838,332,1312,101,124
1500000US220710063001,2010,646,221,293,239,2
1500000US220710063002,2010,555,132,352,127,6
1500000US220710063003,2010,560,118,367,143,1
1500000US220710064001,2010,548,358,134,114,5
1500000US220710064002,2010,695,266,300,158,10
1500000US220710064003,2010,476,108,320,64,1
1500000US220710064004,2010,785,198,513,158,1
1500000US220710065001,2010,753,394,252,102,8
1500000US220710065002,2010,842,587,189,134,8
1500000US220710065003,2010,786,202,486,144,13
1500000US220710069001,2010,247,10,234,10,0
1500000US220710069002,2010,46,1,20,25,0
1500000US220710069003,2010,513,14,481,19,0
1500000US220710070001,2010,573,12,528,18,5
1500000US220710070002,2010,1064,77,961,38,3
1500000US220710071011,2010,647,76,549,27,4
1500000US220710071012,2010,1125,188,816,140,9
1500000US220710072001,2010,1108,106,913,95,19
1500000US220710072002,2010,443,5,431,9,0
1500000US220710072003,2010,426,22,390,29,5
1500000US220710075011,2010,540,52,475,25,0
1500000US220710075012,2010,449,6,427,14,0
1500000US220710075013,2010,349,4,334,6,2
1500000US220710075014,2010,418,1,410,5,0
1500000US220710075015,2010,240,0,239,0,0
1500000US220710075021,2010,404,14,374,14,2
1500000US220710075022,2010,304,2,295,2,0
1500000US220710075023,2010,471,13,453,1,0
1500000US220710075024,2010,450,8,436,13,0
1500000US220710075025,2010,752,28,677,38,1
1500000US220710076041,2010,927,835,43,50,33
1500000US220710076042,2010,715,678,23,19,3
1500000US220710076051,2010,513,8,491,19,0
1500000US220710076052,2010,757,71,680,17,1
1500000US220710076061,2010,1268,1084,121,89,28
1500000US220710076062,2010,679,541,75,43,38
1500000US220710076063,2010,1200,914,161,130,65
1500000US220710077001,2010,1184,930,149,75,48
1500000US220710077002,2010,1304,836,346,128,48
1500000US220710078001,2010,1201,904,173,117,25
1500000US220710082001,2010,785,577,137,69,23
1500000US220710082002,2010,762,585,120,70,23
1500000US220710083001,2010,582,535,20,21,6
1500000US220710083002,2010,545,239,278,40,5
1500000US220710084001,2010,543,185,293,34,38
1500000US220710084002,2010,542,193,299,37,27
1500000US220710085001,2010,633,32,565,55,1
1500000US220710085002,2010,472,22,422,46,1
1500000US220710086001,2010,419,21,330,73,0
1500000US220710086002,2010,481,20,436,33,4
1500000US220710088001,2010,806,525,207,83,4
1500000US220710088002,2010,888,493,339,69,7
1500000US220710090001,2010,537,503,15,20,4
1500000US220710090002,2010,653,605,22,20,6
1500000US220710090003,2010,736,656,27,57,17
1500000US220710091001,2010,627,269,311,41,9
1500000US220710091002,2010,538,272,225,44,12
1500000US220710091003,2010,360,7,327,23,5
1500000US220710091004,2010,424,175,213,34,11
1500000US220710092001,2010,313,4,295,18,2
1500000US220710092002,2010,432,8,410,7,0
1500000US220710092003,2010,365,7,341,27,1
1500000US220710094001,2010,248,19,203,30,0
1500000US220710094002,2010,170,0,168,5,0
1500000US220710094003,2010,236,10,224,0,0
1500000US220710094004,2010,387,4,373,11,0
1500000US220710096001,2010,503,370,103,28,12
1500000US220710096002,2010,504,248,233,35,3
1500000US220710096003,2010,398,153,229,13,7
1500000US220710097001,2010,647,382,241,41,9
1500000US220710097002,2010,647,293,316,30,3
1500000US220710099001,2010,1259,963,247,55,18
1500000US220710099002,2010,874,754,90,46,9
1500000US220710099003,2010,865,723,102,43,15
1500000US220710100001,2010,338,9,319,12,0
1500000US220710100002,2010,326,25,287,39,1
1500000US220710100003,2010,586,276,268,55,7
1500000US220710100004,2010,283,12,262,9,0
1500000US220710101001,2010,930,451,438,65,13
1500000US220710101002,2010,1149,867,200,76,30
1500000US220710102001,2010,298,5,290,1,0
1500000US220710102002,2010,321,19,291,5,1
1500000US220710102003,2010,256,28,221,13,7
1500000US220710102004,2010,457,117,315,30,5
1500000US220710102005,2010,342,61,271,11,0
1500000US220710103001,2010,648,20,609,16,1
1500000US220710103002,2010,708,35,639,46,0
1500000US220710103003,2010,515,92,400,32,8
1500000US220710103004,2010,327,60,257,19,1
1500000US220710106001,2010,650,452,175,20,4
1500000US220710106002,2010,655,366,255,35,8
1500000US220710107001,2010,828,641,137,43,15
1500000US220710107002,2010,936,668,212,55,14
1500000US220710108001,2010,480,459,15,25,6
1500000US220710108002,2010,932,797,86,48,15
1500000US220710109001,2010,534,130,360,51,6
1500000US220710109002,2010,1001,762,199,54,13
1500000US220710109003,2010,824,723,67,36,8
1500000US220710109004,2010,449,174,252,14,8
1500000US220710111001,2010,552,77,438,44,0
1500000US220710111002,2010,637,158,462,28,5
1500000US220710111003,2010,526,134,347,43,2
1500000US220710112001,2010,613,425,139,39,15
1500000US220710112002,2010,670,352,277,51,4
1500000US220710114001,2010,820,740,38,56,14
1500000US220710114002,2010,1056,981,38,34,10
1500000US220710115001,2010,673,649,2,22,12
1500000US220710115002,2010,837,728,85,39,10
1500000US220710116001,2010,713,667,22,19,13
1500000US220710116002,2010,734,691,20,26,19
1500000US220710117001,2010,692,655,8,41,18
1500000US220710117002,2010,572,549,2,8,14
1500000US220710117003,2010,693,679,2,17,7
1500000US220710117004,2010,967,912,19,35,20
1500000US220710119001,2010,524,468,21,17,15
1500000US220710119002,2010,696,622,11,63,31
1500000US220710119003,2010,521,469,7,29,20
1500000US220710120001,2010,943,856,49,44,16
1500000US220710120002,2010,553,491,43,30,14
1500000US220710121011,2010,1004,855,55,59,41
1500000US220710121012,2010,1851,1574,110,96,100
1500000US220710121021,2010,1982,1690,102,67,117
1500000US220710121022,2010,1106,818,189,126,30
1500000US220710121023,2010,804,723,29,60,23
1500000US220710122001,2010,1078,880,121,64,28
1500000US220710122002,2010,890,749,64,41,42
1500000US220710123001,2010,490,44,417,37,3
1500000US220710123002,2010,705,207,435,44,12
1500000US220710123003,2010,705,515,131,75,15
1500000US220710124001,2010,612,179,400,30,18
1500000US220710124002,2010,1008,563,388,46,14
1500000US220710125001,2010,620,535,34,41,26
1500000US220710125002,2010,1114,684,350,55,37
1500000US220710126001,2010,667,553,81,29,17
1500000US220710126002,2010,670,484,117,34,38
1500000US220710126003,2010,605,520,33,44,23
1500000US220710127001,2010,685,389,249,42,16
1500000US220710127002,2010,523,286,213,14,19
1500000US220710127003,2010,619,439,110,37,40
1500000US220710127004,2010,484,420,42,25,3
1500000US220710128001,2010,711,459,199,48,24
1500000US220710128002,2010,550,422,49,40,46
1500000US220710128003,2010,900,646,171,75,23
1500000US220710129001,2010,796,626,121,35,23
1500000US220710129002,2010,601,240,339,25,5
1500000US220710130001,2010,464,210,236,11,5
1500000US220710130002,2010,537,216,290,31,11
1500000US220710130003,2010,489,140,308,21,3
1500000US220710131001,2010,372,15,355,2,0
1500000US220710131002,2010,468,23,410,40,0
1500000US220710131003,2010,305,17,282,10,0
1500000US220710131004,2010,280,12,261,13,0
1500000US220710132001,2010,443,141,289,6,0
1500000US220710132002,2010,809,158,609,60,4
1500000US220710132003,2010,700,145,520,40,4
1500000US220710132004,2010,505,262,224,4,5
1500000US220710133011,2010,849,799,8,48,27
1500000US220710133012,2010,1364,1270,28,59,35
1500000US220710133013,2010,562,532,16,23,5
1500000US220710133014,2010,678,626,22,38,18
1500000US220710133021,2010,1668,877,561,174,124
1500000US220710133022,2010,796,649,83,22,34
1500000US220710134001,2010,515,451,35,30,22
1500000US220710134002,2010,737,427,279,38,16
1500000US220710134003,2010,1024,630,221,66,133
1500000US220710135001,2010,435,346,26,23,46
1500000US220710135002,2010,571,512,26,25,10
1500000US220710135003,2010,654,586,36,26,11
1500000US220710135004,2010,678,629,23,24,6
1500000US220710136001,2010,458,272,163,23,2
1500000US220710136002,2010,475,73,382,14,7
1500000US220710137001,2010,0,0,0,0,0
1500000US220710137002,2010,308,6,292,6,0
1500000US220710137003,2010,792,4,773,1,0
1500000US220710137004,2010,905,36,850,23,0
1500000US220710138001,2010,237,3,229,2,0
1500000US220710138002,2010,166,10,153,1,1
1500000US220710138003,2010,571,41,509,24,0
1500000US220710139001,2010,827,475,236,127,33
1500000US220710139002,2010,697,394,257,36,12
1500000US220710140001,2010,308,3,301,5,1
1500000US220710140002,2010,577,8,564,3,0
1500000US220710140003,2010,595,54,511,35,1
1500000US220710140004,2010,119,1,106,11,0
1500000US220710141001,2010,758,142,587,23,5
1500000US220710141002,2010,287,80,189,16,0
1500000US220710141003,2010,1116,152,916,34,26
1500000US220710142001,2010,497,129,328,40,7
1500000US220710142002,2010,735,441,246,48,9
1500000US220710142003,2010,447,189,240,20,1
1500000US220710143001,2010,143,1,140,1,0
1500000US220710143002,2010,2,0,2,0,0
1500000US220710143003,2010,799,20,740,59,4
1500000US220710144001,2010,255,140,99,15,5
1500000US220710144002,2010,639,283,310,49,1
1500000US220710144003,2010,672,441,183,52,7
1500000US220710145001,2010,3059,419,2589,136,7
1500000US220719800001,2010,4,4,0,1,0
1500000US220719801001,2010,4,0,4,0,0
1500000US220719900000,2010,0,0,0,0,0
1500000US220510201011,2010,1415,1197,68,215,37
1500000US220510201012,2010,1333,1293,3,71,16
1500000US220510201021,2010,1208,1104,37,50,43
1500000US220510201022,2010,942,889,8,42,18
1500000US220510201023,2010,826,798,1,21,14
1500000US220510202011,2010,790,543,109,80,83
1500000US220510202012,2010,1288,948,140,170,101
1500000US220510202021,2010,2255,740,623,998,153
1500000US220510202022,2010,938,450,209,316,62
1500000US220510202031,2010,1889,1145,270,583,156
1500000US220510202032,2010,2796,2475,28,212,182
1500000US220510202033,2010,1351,1179,31,88,105
1500000US220510202034,2010,1117,1013,13,108,70
1500000US220510203011,2010,1230,1139,9,59,48
1500000US220510203012,2010,1996,1810,18,105,115
1500000US220510203021,2010,1830,1536,73,218,128
1500000US220510203022,2010,1659,1460,27,248,95
1500000US220510203023,2010,849,701,33,127,68
1500000US220510203024,2010,938,817,20,130,52
1500000US220510203031,2010,1162,1000,38,153,37
1500000US220510203032,2010,1654,1415,113,132,85
1500000US220510203033,2010,920,810,32,96,29
1500000US220510204001,2010,1394,1312,11,100,52
1500000US220510204002,2010,1736,1604,32,91,71
1500000US220510205021,2010,1024,586,149,443,26
1500000US220510205022,2010,2579,1905,180,975,65
1500000US220510205023,2010,2784,1584,687,850,107
1500000US220510205051,2010,1002,31,935,62,0
1500000US220510205052,2010,877,156,604,169,0
1500000US220510205061,2010,1303,955,76,512,79
1500000US220510205062,2010,1413,956,211,413,68
1500000US220510205063,2010,1514,1223,92,323,103
1500000US220510205071,2010,2203,1553,381,411,93
1500000US220510205072,2010,2040,1639,131,549,53
1500000US220510205081,2010,2145,1456,349,570,42
1500000US220510205082,2010,1770,1065,373,640,30
1500000US220510205083,2010,1779,1367,243,234,78
1500000US220510205084,2010,1749,1290,161,389,126
1500000US220510205111,2010,1666,960,492,430,55
1500000US220510205112,2010,1396,986,180,200,153
1500000US220510205113,2010,1039,805,76,141,96
1500000US220510205121,2010,1226,956,118,188,94
1500000US220510205122,2010,1499,1009,193,271,159
1500000US220510205131,2010,991,802,88,106,43
1500000US220510205132,2010,1777,828,665,386,72
1500000US220510205133,2010,1255,813,236,357,75
1500000US220510205134,2010,1021,768,130,173,75
1500000US220510205141,2010,1401,1338,0,89,37
1500000US220510205142,2010,1019,939,8,54,60
1500000US220510205143,2010,1356,1188,19,133,91
1500000US220510205151,2010,841,681,109,78,18
1500000US220510205152,2010,1331,889,210,515,39
1500000US220510205153,2010,863,599,136,223,50
1500000US220510205161,2010,1987,583,732,1054,16
1500000US220510205162,2010,1524,946,326,448,27
1500000US220510205163,2010,1106,609,270,403,18
1500000US220510205171,2010,1191,732,291,178,70
1500000US220510205172,2010,1639,1399,72,110,135
1500000US220510205173,2010,1035,883,57,109,69
1500000US220510206001,2010,769,347,341,162,4
1500000US220510206002,2010,871,127,628,163,1
1500000US220510206003,2010,1936,279,1225,552,10
1500000US220510206004,2010,1380,165,1044,291,0
1500000US220510207001,2010,1191,469,589,174,8
1500000US220510210001,2010,948,682,210,119,6
1500000US220510210002,2010,816,441,282,170,13
1500000US220510210003,2010,661,450,194,71,1
1500000US220510211001,2010,803,532,161,176,15
1500000US220510211002,2010,669,568,53,93,6
1500000US220510211003,2010,726,628,25,122,11
1500000US220510212001,2010,1355,762,396,380,21
1500000US220510212002,2010,1126,919,73,206,36
1500000US220510213001,2010,1411,1273,49,180,24
1500000US220510213002,2010,760,659,31,121,16
1500000US220510213003,2010,727,622,26,60,51
1500000US220510214001,2010,1176,1068,31,95,38
1500000US220510214002,2010,938,843,25,105,30
1500000US220510215001,2010,882,651,156,154,26
1500000US220510215002,2010,1965,838,810,360,140
1500000US220510216001,2010,1458,977,306,243,29
1500000US220510216002,2010,1478,1261,82,225,26
1500000US220510216003,2010,2648,1870,271,911,75
1500000US220510216004,2010,1148,682,288,176,68
1500000US220510217001,2010,969,758,56,165,53
1500000US220510217002,2010,811,552,116,184,38
1500000US220510217003,2010,1642,1001,282,438,75
1500000US220510217004,2010,1280,1080,79,207,31
1500000US220510217005,2010,780,684,26,131,14
1500000US220510218011,2010,1224,1010,75,167,66
1500000US220510218012,2010,1010,748,80,206,65
1500000US220510218031,2010,1531,726,601,334,46
1500000US220510218032,2010,1295,393,705,324,28
1500000US220510218033,2010,1664,663,704,396,82
1500000US220510218041,2010,1982,946,512,777,68
1500000US220510219001,2010,1772,1085,297,383,120
1500000US220510220011,2010,1459,594,623,277,54
1500000US220510220012,2010,1949,888,835,240,80
1500000US220510220013,2010,1247,610,418,314,42
1500000US220510220021,2010,1264,1205,12,76,15
1500000US220510220022,2010,1332,1280,6,69,13
1500000US220510221011,2010,1401,1328,4,58,47
1500000US220510221021,2010,1182,1007,117,67,14
1500000US220510221022,2010,1286,1023,96,91,109
1500000US220510222001,2010,1070,1026,17,43,13
1500000US220510222002,2010,558,538,1,27,11
1500000US220510222003,2010,602,562,2,29,17
1500000US220510223011,2010,889,834,2,30,44
1500000US220510223012,2010,993,940,5,56,27
1500000US220510223013,2010,959,778,69,119,69
1500000US220510223021,2010,1085,974,27,106,24
1500000US220510223022,2010,756,677,25,62,9
1500000US220510223031,2010,1442,981,187,320,157
1500000US220510223032,2010,1325,916,178,525,82
1500000US220510224001,2010,1614,1573,6,69,6
1500000US220510224002,2010,1743,1680,9,130,11
1500000US220510225001,2010,936,879,4,51,20
1500000US220510225002,2010,645,607,9,44,8
1500000US220510225003,2010,1177,1114,24,65,15
1500000US220510226001,2010,807,785,2,21,15
1500000US220510226002,2010,895,874,3,27,5
1500000US220510226003,2010,1496,1431,24,52,15
1500000US220510227001,2010,670,642,4,30,7
1500000US220510227002,2010,729,703,5,42,4
1500000US220510227003,2010,656,615,2,38,17
1500000US220510227004,2010,695,674,5,36,2
1500000US220510228001,2010,846,791,9,85,5
1500000US220510228002,2010,1074,994,25,95,5
1500000US220510228003,2010,1041,917,24,143,7
1500000US220510229001,2010,986,914,25,74,4
1500000US220510229002,2010,930,827,53,83,10
1500000US220510229003,2010,1050,896,63,135,18
1500000US220510230011,2010,1835,1770,2,125,29
1500000US220510230021,2010,1320,1240,44,62,27
1500000US220510230022,2010,1461,1307,92,132,7
1500000US220510230023,2010,1630,1505,50,109,30
1500000US220510230031,2010,896,860,7,60,14
1500000US220510230032,2010,1023,951,21,71,20
1500000US220510230033,2010,842,768,30,59,12
1500000US220510231001,2010,1007,836,50,132,46
1500000US220510231002,2010,1379,1296,25,133,9
1500000US220510232001,2010,947,822,51,139,8
1500000US220510232002,2010,1911,1742,69,170,22
1500000US220510233001,2010,939,876,15,112,6
1500000US220510233002,2010,719,662,19,62,12
1500000US220510234001,2010,1178,1095,14,134,27
1500000US220510234002,2010,1086,945,25,131,43
1500000US220510234003,2010,880,841,12,60,5
1500000US220510235001,2010,1705,1486,71,176,52
1500000US220510235002,2010,1470,1339,77,108,16
1500000US220510235003,2010,1268,1189,33,96,13
1500000US220510236001,2010,1723,987,610,228,3
1500000US220510236002,2010,1355,1183,76,195,19
1500000US220510236003,2010,2095,1802,201,234,15
1500000US220510237001,2010,1087,23,1057,11,1
1500000US220510237002,2010,1011,21,946,28,3
1500000US220510238001,2010,2127,1839,200,142,9
1500000US220510238002,2010,1724,438,1207,91,8
1500000US220510239011,2010,1102,1062,15,33,7
1500000US220510239012,2010,1279,1175,45,63,17
1500000US220510239021,2010,831,806,13,30,1
1500000US220510239022,2010,784,761,1,40,11
1500000US220510239023,2010,709,666,6,37,24
1500000US220510239031,2010,906,872,11,40,7
1500000US220510239032,2010,1363,1312,5,63,16
1500000US220510239041,2010,1416,1372,5,77,8
1500000US220510239042,2010,1253,1066,131,84,14
1500000US220510240011,2010,906,879,2,22,11
1500000US220510240012,2010,827,813,7,14,2
1500000US220510240013,2010,1124,1080,17,37,6
1500000US220510240021,2010,833,793,4,41,11
1500000US220510240022,2010,943,922,1,33,12
1500000US220510240023,2010,1212,1176,6,37,7
1500000US220510241001,2010,1631,1537,15,123,21
1500000US220510241002,2010,1801,1562,151,98,23
1500000US220510242011,2010,1404,1195,167,96,6
1500000US220510242012,2010,664,446,179,42,11
1500000US220510242021,2010,1806,1120,416,168,152
1500000US220510242022,2010,1329,797,326,140,128
1500000US220510243001,2010,1072,826,176,95,4
1500000US220510243002,2010,642,586,13,41,13
1500000US220510243003,2010,1111,975,67,107,13
1500000US220510244001,2010,1294,952,271,68,21
1500000US220510244002,2010,558,473,71,27,10
1500000US220510244003,2010,1037,765,200,124,8
1500000US220510245001,2010,1597,1384,115,160,29
1500000US220510246001,2010,567,93,464,12,5
1500000US220510246002,2010,832,140,646,50,13
1500000US220510247001,2010,828,369,395,108,5
1500000US220510247002,2010,856,699,93,58,18
1500000US220510248001,2010,713,698,4,21,2
1500000US220510248002,2010,1551,1529,3,35,4
1500000US220510248003,2010,1072,1011,16,44,24
1500000US220510249001,2010,766,590,112,69,29
1500000US220510249002,2010,987,510,361,198,3
1500000US220510250011,2010,1738,686,705,328,94
1500000US220510250012,2010,1206,788,234,210,46
1500000US220510250013,2010,2601,211,1844,529,53
1500000US220510250014,2010,2044,520,1116,126,301
1500000US220510250021,2010,954,477,339,153,51
1500000US220510250022,2010,910,569,204,146,31
1500000US220510250023,2010,1281,767,277,251,53
1500000US220510250031,2010,1387,1115,135,196,54
1500000US220510250032,2010,1383,461,695,220,57
1500000US220510250033,2010,955,756,92,127,27
1500000US220510251021,2010,769,590,128,29,35
1500000US220510251022,2010,1738,1219,327,149,82
1500000US220510251023,2010,1740,985,471,151,198
1500000US220510251031,2010,1078,521,464,52,66
1500000US220510251032,2010,1348,675,472,185,81
1500000US220510251033,2010,1257,539,530,226,60
1500000US220510251041,2010,2019,899,883,223,66
1500000US220510251042,2010,1674,875,569,258,79
1500000US220510252011,2010,936,552,244,146,36
1500000US220510252012,2010,1633,390,1000,377,27
1500000US220510252021,2010,2487,701,1588,365,32
1500000US220510252022,2010,1100,752,184,262,20
1500000US220510252023,2010,1457,704,450,532,42
1500000US220510252024,2010,1085,939,71,93,21
1500000US220510253001,2010,759,427,213,335,9
1500000US220510253002,2010,1481,1275,111,148,35
1500000US220510254001,2010,2040,769,732,629,158
1500000US220510254002,2010,917,825,49,72,3
1500000US220510254003,2010,844,429,306,136,10
1500000US220510255001,2010,936,499,247,219,76
1500000US220510255002,2010,1733,549,983,372,18
1500000US220510256001,2010,1483,1023,364,121,29
1500000US220510257001,2010,545,37,491,19,3
1500000US220510257002,2010,846,210,576,60,18
1500000US220510258001,2010,767,376,345,34,4
1500000US220510258002,2010,1017,510,451,40,4
1500000US220510259001,2010,1427,733,674,36,4
1500000US220510259002,2010,1198,671,420,135,21
1500000US220510259003,2010,835,530,253,65,1
1500000US220510260001,2010,573,477,48,61,10
1500000US220510260002,2010,642,482,105,69,29
1500000US220510260003,2010,776,527,174,117,11
1500000US220510261001,2010,1665,337,919,601,56
1500000US220510261002,2010,2065,810,830,377,174
1500000US220510261003,2010,1085,272,637,162,50
1500000US220510262001,2010,1316,33,1229,54,5
1500000US220510263001,2010,1001,820,76,54,73
1500000US220510263002,2010,1516,1342,78,117,11
1500000US220510264001,2010,811,708,26,49,32
1500000US220510264002,2010,927,750,57,98,45
1500000US220510265001,2010,1046,901,51,74,32
1500000US220510265002,2010,956,783,140,66,5
1500000US220510266001,2010,643,562,36,47,13
1500000US220510266002,2010,1380,1101,170,110,11
1500000US220510267001,2010,1131,864,140,94,30
1500000US220510267002,2010,717,393,279,28,19
1500000US220510268001,2010,1385,210,1140,29,3
1500000US220510268002,2010,1299,274,832,100,123
1500000US220510269001,2010,853,113,715,12,1
1500000US220510269002,2010,1304,7,1269,14,2
1500000US220510269003,2010,1242,4,1229,3,0
1500000US220510270001,2010,1746,539,957,39,206
1500000US220510270002,2010,2030,694,720,106,548
1500000US220510270003,2010,998,735,194,67,13
1500000US220510270004,2010,1226,707,421,104,19
1500000US220510271001,2010,1302,1141,83,87,18
1500000US220510271002,2010,475,371,62,40,3
1500000US220510271003,2010,835,731,48,54,13
1500000US220510272001,2010,955,816,84,60,2
1500000US220510272002,2010,976,853,70,64,7
1500000US220510272003,2010,1420,663,657,87,10
1500000US220510272004,2010,662,569,72,60,1
1500000US220510272005,2010,1360,758,549,51,5
1500000US220510275011,2010,3511,1597,1648,264,39
1500000US220510275012,2010,3135,1620,1296,260,55
1500000US220510275021,2010,2191,16,2157,14,0
1500000US220510275022,2010,1314,21,1267,37,7
1500000US220510276011,2010,1113,867,187,78,1
1500000US220510276012,2010,1976,988,473,222,370
1500000US220510276013,2010,889,403,333,98,106
1500000US220510276014,2010,1214,508,526,90,120
1500000US220510276021,2010,810,85,689,49,12
1500000US220510276022,2010,746,32,671,17,16
1500000US220510276023,2010,2280,690,1237,137,260
1500000US220510277011,2010,1118,118,955,44,14
1500000US220510277012,2010,1004,61,926,9,1
1500000US220510277013,2010,2745,21,2684,28,4
1500000US220510277014,2010,1084,12,1066,3,1
1500000US220510277031,2010,1916,500,1170,152,164
1500000US220510277032,2010,1080,494,362,224,50
1500000US220510277033,2010,1095,572,383,138,52
1500000US220510278031,2010,1723,269,1145,404,47
1500000US220510278032,2010,1440,612,605,213,88
1500000US220510278041,2010,1877,759,775,160,248
1500000US220510278042,2010,1756,577,913,155,132
1500000US220510278043,2010,1752,850,589,112,254
1500000US220510278044,2010,2527,1373,710,128,344
1500000US220510278051,2010,2663,1336,862,216,327
1500000US220510278052,2010,2345,292,1856,108,95
1500000US220510278053,2010,3929,1180,1834,316,631
1500000US220510278061,2010,946,776,84,73,23
1500000US220510278062,2010,1953,1118,588,211,131
1500000US220510278063,2010,2589,1954,421,197,100
1500000US220510278064,2010,1080,773,196,102,51
1500000US220510278071,2010,1812,884,546,97,343
1500000US220510278072,2010,1900,1265,426,204,89
1500000US220510278073,2010,1355,1018,217,79,81
1500000US220510278074,2010,2176,1399,496,178,170
1500000US220510278075,2010,1599,1167,298,152,80
1500000US220510278091,2010,1788,813,658,381,89
1500000US220510278092,2010,2243,1727,356,146,47
1500000US220510278093,2010,1485,898,426,163,55
1500000US220510278094,2010,1736,1094,497,123,50
1500000US220510278101,2010,1549,241,1057,145,146
1500000US220510278102,2010,1130,183,805,102,77
1500000US220510278103,2010,1608,173,1304,94,69
1500000US220510278111,2010,1094,145,899,71,25
1500000US220510278112,2010,1204,164,960,37,47
1500000US220510278113,2010,1217,130,1005,57,48
1500000US220510278121,2010,2618,210,2262,98,63
1500000US220510278122,2010,1601,100,1406,92,21
1500000US220510279011,2010,674,594,48,17,1
1500000US220510279012,2010,2118,1949,27,84,22
1500000US220510279021,2010,756,700,11,31,1
1500000US220510279022,2010,540,514,0,20,1
1500000US220510279023,2010,1194,1104,30,22,9
1500000US220510280001,2010,1070,895,29,182,4
1500000US220510280002,2010,2565,1917,428,198,99
1500000US220510280003,2010,1506,996,397,110,36
1500000US220510281001,2010,916,58,839,12,0
1500000US220510281002,2010,1190,196,954,41,7
1500000US220510282001,2010,886,452,211,270,13
1500000US220510282002,2010,1596,827,658,180,14
1500000US220510282003,2010,2023,1399,486,263,12
1500000US220519800001,2010,0,0,0,0,0
1500000US220519900000,2010,0,0,0,0,0
1500000US220519901000,2010,0,0,0,0,0
1500000US220710001001,2017,935,735,126,74,0
1500000US220710001002,2017,1333,1151,44,118,7
1500000US220710001003,2017,543,415,28,100,0
1500000US220710002001,2017,496,86,371,36,0
1500000US220710002002,2017,1017,80,901,4,0
1500000US220710003001,2017,684,42,642,0,0
1500000US220710003002,2017,544,85,455,4,0
1500000US220710004001,2017,931,292,557,16,30
1500000US220710004002,2017,1103,3,1087,12,0
1500000US220710006011,2017,273,7,266,0,0
1500000US220710006012,2017,764,9,743,12,0
1500000US220710006021,2017,781,109,491,176,0
1500000US220710006022,2017,728,15,708,0,5
1500000US220710006023,2017,1021,62,942,0,17
1500000US220710006031,2017,291,0,250,10,8
1500000US220710006032,2017,688,0,576,104,8
1500000US220710006041,2017,1463,354,1096,0,0
1500000US220710006042,2017,1857,338,1251,202,0
1500000US220710006043,2017,1039,15,866,158,0
1500000US220710006051,2017,904,73,807,24,0
1500000US220710006052,2017,425,35,390,0,0
1500000US220710006053,2017,992,323,525,138,0
1500000US220710006061,2017,1119,452,622,45,0
1500000US220710006062,2017,1623,362,677,457,58
1500000US220710006063,2017,1817,355,1304,77,59
1500000US220710006071,2017,942,451,477,0,0
1500000US220710006072,2017,1951,459,1118,338,0
1500000US220710006073,2017,2164,1011,856,250,7
1500000US220710006111,2017,2063,9,2050,0,4
1500000US220710006112,2017,3154,5,2439,158,552
1500000US220710006121,2017,1791,1032,478,147,120
1500000US220710006131,2017,1773,34,1709,0,10
1500000US220710006132,2017,1381,145,1146,90,0
1500000US220710006133,2017,2177,270,1896,11,0
1500000US220710006151,2017,1710,529,832,247,102
1500000US220710006152,2017,3193,455,2487,152,35
1500000US220710006161,2017,1351,524,762,8,0
1500000US220710006162,2017,1425,287,1040,64,0
1500000US220710006163,2017,1539,700,570,215,34
1500000US220710006171,2017,1826,236,1458,42,90
1500000US220710006172,2017,3204,125,2847,192,40
1500000US220710006181,2017,2278,821,1248,0,209
1500000US220710006182,2017,2285,507,1718,8,52
1500000US220710007011,2017,105,0,100,0,5
1500000US220710007012,2017,155,0,155,0,0
1500000US220710007013,2017,287,18,240,2,0
1500000US220710007014,2017,362,14,348,0,0
1500000US220710007021,2017,487,67,416,0,0
1500000US220710007022,2017,810,79,617,54,60
1500000US220710007023,2017,60,37,23,0,0
1500000US220710007024,2017,459,127,315,0,0
1500000US220710008001,2017,520,145,375,0,0
1500000US220710008002,2017,729,72,657,0,0
1500000US220710008003,2017,585,7,524,8,13
1500000US220710009011,2017,42,0,42,0,0
1500000US220710009012,2017,181,0,181,0,0
1500000US220710009013,2017,170,0,170,0,0
1500000US220710009014,2017,553,170,383,0,0
1500000US220710009021,2017,122,9,113,0,0
1500000US220710009022,2017,283,4,266,0,0
1500000US220710009023,2017,83,0,83,0,0
1500000US220710009024,2017,171,0,171,0,0
1500000US220710009031,2017,274,3,267,0,0
1500000US220710009032,2017,125,4,121,0,0
1500000US220710009033,2017,129,0,129,0,0
1500000US220710009034,2017,132,0,132,0,0
1500000US220710009041,2017,564,35,503,26,0
1500000US220710009042,2017,450,5,420,15,0
1500000US220710011001,2017,738,199,528,6,0
1500000US220710011002,2017,1138,940,142,32,12
1500000US220710011003,2017,0,0,0,0,0
1500000US220710012001,2017,644,443,136,57,8
1500000US220710012002,2017,587,456,45,75,0
1500000US220710012003,2017,593,459,73,1,0
1500000US220710013011,2017,834,103,713,6,5
1500000US220710013012,2017,368,262,61,27,3
1500000US220710013013,2017,362,139,197,9,0
1500000US220710013014,2017,340,73,220,5,12
1500000US220710013021,2017,533,86,438,9,0
1500000US220710013022,2017,604,91,488,10,0
1500000US220710014011,2017,402,0,402,0,0
1500000US220710014012,2017,321,11,296,14,0
1500000US220710014013,2017,152,0,152,0,0
1500000US220710014014,2017,204,0,204,0,0
1500000US220710014015,2017,186,24,162,0,0
1500000US220710014016,2017,141,0,141,0,0
1500000US220710014021,2017,692,82,489,73,0
1500000US220710014022,2017,296,4,222,70,0
1500000US220710014023,2017,334,13,303,13,0
1500000US220710014024,2017,684,38,566,54,0
1500000US220710015001,2017,460,8,449,0,0
1500000US220710015002,2017,390,120,244,15,0
1500000US220710016001,2017,0,0,0,0,0
1500000US220710017011,2017,973,19,940,14,0
1500000US220710017012,2017,702,20,677,0,0
1500000US220710017013,2017,568,5,551,12,0
1500000US220710017021,2017,657,0,650,0,0
1500000US220710017022,2017,814,13,775,26,0
1500000US220710017023,2017,811,116,695,0,0
1500000US220710017024,2017,988,433,480,4,63
1500000US220710017201,2017,926,0,828,98,0
1500000US220710017202,2017,447,0,425,22,0
1500000US220710017203,2017,1141,30,1111,0,0
1500000US220710017204,2017,669,27,599,0,13
1500000US220710017221,2017,251,0,251,0,0
1500000US220710017222,2017,595,0,595,0,0
1500000US220710017223,2017,1308,0,1286,22,0
1500000US220710017224,2017,495,0,314,181,0
1500000US220710017225,2017,937,28,892,9,0
1500000US220710017226,2017,391,0,391,0,0
1500000US220710017227,2017,372,0,372,0,0
1500000US220710017231,2017,522,0,431,0,91
1500000US220710017232,2017,2054,64,1963,12,2
1500000US220710017233,2017,893,51,842,0,0
1500000US220710017234,2017,1093,25,1068,0,0
1500000US220710017241,2017,944,93,805,22,24
1500000US220710017242,2017,1081,0,1049,0,0
1500000US220710017243,2017,1478,125,1341,12,0
1500000US220710017244,2017,1281,52,1229,0,0
1500000US220710017251,2017,2414,88,1944,289,0
1500000US220710017252,2017,1717,34,1594,89,0
1500000US220710017253,2017,1585,0,1573,0,0
1500000US220710017254,2017,1380,89,1237,54,0
1500000US220710017301,2017,1007,41,882,14,53
1500000US220710017341,2017,977,847,0,23,46
1500000US220710017351,2017,1107,2,1008,59,0
1500000US220710017352,2017,1158,0,1109,42,0
1500000US220710017361,2017,944,6,907,0,0
1500000US220710017362,2017,1237,4,1204,15,0
1500000US220710017371,2017,1866,15,1794,24,5
1500000US220710017372,2017,912,42,864,6,0
1500000US220710017373,2017,633,62,515,0,0
1500000US220710017391,2017,1560,50,1510,0,0
1500000US220710017392,2017,546,0,493,14,0
1500000US220710017401,2017,1285,0,1285,0,0
1500000US220710017402,2017,1697,0,1697,0,0
1500000US220710017403,2017,2025,0,2016,0,0
1500000US220710017411,2017,1568,23,928,31,571
1500000US220710017431,2017,1434,5,1422,0,0
1500000US220710017432,2017,870,33,833,4,0
1500000US220710017441,2017,1149,6,1082,49,0
1500000US220710017442,2017,2007,0,2007,0,0
1500000US220710017443,2017,1706,0,1706,0,0
1500000US220710017451,2017,1959,72,1845,0,0
1500000US220710017452,2017,1566,39,1414,0,88
1500000US220710017461,2017,1061,40,1021,0,0
1500000US220710017462,2017,1439,0,1394,23,0
1500000US220710017463,2017,1778,40,1663,75,0
1500000US220710017471,2017,2705,0,1764,0,822
1500000US220710017472,2017,1602,29,1282,20,207
1500000US220710017481,2017,1562,27,1437,0,98
1500000US220710017482,2017,1084,0,1084,0,0
1500000US220710017483,2017,1292,40,1250,2,0
1500000US220710017484,2017,793,80,510,23,180
1500000US220710017491,2017,1530,0,895,38,597
1500000US220710017492,2017,1576,45,346,273,885
1500000US220710017501,2017,1398,0,449,92,857
1500000US220710017502,2017,828,27,668,86,39
1500000US220710017503,2017,1544,21,260,246,977
1500000US220710017511,2017,753,123,481,127,4
1500000US220710018001,2017,707,520,39,84,28
1500000US220710018002,2017,716,609,17,55,9
1500000US220710019001,2017,312,127,120,11,0
1500000US220710019002,2017,497,81,284,113,16
1500000US220710019003,2017,559,97,393,61,0
1500000US220710020001,2017,444,19,377,37,6
1500000US220710020002,2017,349,64,280,0,0
1500000US220710020003,2017,410,64,329,5,0
1500000US220710021001,2017,536,40,481,11,0
1500000US220710021002,2017,570,3,537,15,0
1500000US220710022001,2017,355,6,341,8,0
1500000US220710022002,2017,695,25,629,30,0
1500000US220710022003,2017,469,6,449,14,0
1500000US220710023001,2017,168,0,168,0,0
1500000US220710023002,2017,169,34,129,0,0
1500000US220710023003,2017,303,0,303,0,0
1500000US220710023004,2017,435,0,435,0,0
1500000US220710023005,2017,1034,23,896,115,0
1500000US220710024011,2017,1236,153,981,15,13
1500000US220710024012,2017,1171,124,1030,17,0
1500000US220710024021,2017,298,0,252,46,0
1500000US220710024022,2017,1104,35,1069,0,0
1500000US220710024023,2017,715,49,658,0,0
1500000US220710024024,2017,1039,157,843,14,0
1500000US220710025011,2017,782,49,679,24,0
1500000US220710025012,2017,461,16,383,56,0
1500000US220710025013,2017,475,7,463,5,0
1500000US220710025014,2017,485,64,406,15,0
1500000US220710025021,2017,706,13,677,10,0
1500000US220710025022,2017,784,14,765,5,0
1500000US220710025023,2017,369,62,307,0,0
1500000US220710025024,2017,620,35,538,11,0
1500000US220710025031,2017,480,70,372,9,19
1500000US220710025032,2017,1052,187,735,95,0
1500000US220710025033,2017,672,339,271,46,5
1500000US220710025041,2017,454,51,347,49,0
1500000US220710025042,2017,805,186,542,18,28
1500000US220710025043,2017,958,228,674,26,5
1500000US220710025044,2017,580,67,490,0,7
1500000US220710026001,2017,860,683,134,0,43
1500000US220710026002,2017,802,689,113,0,0
1500000US220710027001,2017,589,41,541,7,0
1500000US220710027002,2017,480,237,220,23,0
1500000US220710027003,2017,381,50,293,29,0
1500000US220710028001,2017,425,34,391,0,0
1500000US220710028002,2017,928,16,903,0,0
1500000US220710028003,2017,429,31,386,12,0
1500000US220710029001,2017,580,67,476,23,14
1500000US220710029002,2017,180,40,132,8,0
1500000US220710029003,2017,464,53,382,19,0
1500000US220710030001,2017,461,50,396,0,0
1500000US220710030002,2017,611,4,573,34,0
1500000US220710031001,2017,523,109,389,25,0
1500000US220710031002,2017,784,22,742,11,0
1500000US220710033011,2017,967,352,478,47,69
1500000US220710033012,2017,640,236,388,6,10
1500000US220710033013,2017,470,203,153,57,50
1500000US220710033021,2017,460,56,404,0,0
1500000US220710033022,2017,1206,161,1045,0,0
1500000US220710033023,2017,1031,85,892,35,0
1500000US220710033024,2017,746,121,543,38,28
1500000US220710033031,2017,1141,357,644,84,38
1500000US220710033032,2017,776,50,620,63,0
1500000US220710033033,2017,553,69,462,22,0
1500000US220710033041,2017,1231,121,1044,39,0
1500000US220710033042,2017,1228,63,1113,52,0
1500000US220710033071,2017,1030,15,1015,0,0
1500000US220710033072,2017,523,0,517,0,0
1500000US220710033081,2017,289,66,209,6,0
1500000US220710033082,2017,883,54,767,39,23
1500000US220710033083,2017,997,8,980,9,0
1500000US220710033084,2017,328,0,311,0,0
1500000US220710033085,2017,730,9,713,8,0
1500000US220710033086,2017,163,0,163,0,0
1500000US220710034001,2017,649,138,482,11,0
1500000US220710034002,2017,745,249,310,72,0
1500000US220710035001,2017,478,47,405,0,1
1500000US220710035002,2017,433,36,392,5,0
1500000US220710035003,2017,397,86,294,17,0
1500000US220710036001,2017,477,20,396,61,0
1500000US220710036002,2017,506,122,363,15,0
1500000US220710036003,2017,542,162,353,5,0
1500000US220710037011,2017,1364,469,795,48,15
1500000US220710037012,2017,607,119,485,3,0
1500000US220710037021,2017,752,47,626,78,1
1500000US220710037022,2017,494,40,402,10,17
1500000US220710037023,2017,593,55,521,0,17
1500000US220710037024,2017,740,286,376,0,29
1500000US220710037025,2017,339,240,19,17,0
1500000US220710037026,2017,655,506,53,70,0
1500000US220710038001,2017,578,528,11,23,16
1500000US220710038002,2017,531,482,13,36,0
1500000US220710039001,2017,495,171,249,54,5
1500000US220710039002,2017,681,331,244,46,0
1500000US220710040001,2017,1035,357,641,25,5
1500000US220710040002,2017,974,280,618,76,0
1500000US220710041001,2017,825,653,90,50,21
1500000US220710041002,2017,845,536,145,162,2
1500000US220710044011,2017,315,72,225,18,0
1500000US220710044012,2017,381,32,320,0,18
1500000US220710044013,2017,443,79,285,48,0
1500000US220710044021,2017,120,0,120,0,0
1500000US220710044022,2017,238,0,238,0,0
1500000US220710045001,2017,566,42,517,0,7
1500000US220710045002,2017,856,294,488,65,0
1500000US220710045003,2017,1206,587,418,175,16
1500000US220710046001,2017,507,409,40,15,1
1500000US220710046002,2017,1718,1406,83,100,28
1500000US220710046003,2017,574,525,23,0,19
1500000US220710048001,2017,140,9,131,0,0
1500000US220710049001,2017,475,125,271,62,17
1500000US220710049002,2017,612,167,326,91,18
1500000US220710049003,2017,0,0,0,0,0
1500000US220710049004,2017,262,52,89,113,6
1500000US220710050001,2017,560,223,246,59,5
1500000US220710050002,2017,596,100,345,146,0
1500000US220710054001,2017,513,340,40,118,0
1500000US220710054002,2017,544,293,211,7,0
1500000US220710054003,2017,692,436,133,97,0
1500000US220710055001,2017,1106,1023,9,45,0
1500000US220710055002,2017,702,550,27,89,0
1500000US220710055003,2017,970,613,0,343,0
1500000US220710056011,2017,734,674,2,50,1
1500000US220710056012,2017,653,528,0,107,0
1500000US220710056013,2017,524,433,22,57,12
1500000US220710056014,2017,426,386,0,27,13
1500000US220710056021,2017,546,433,51,59,0
1500000US220710056022,2017,834,774,0,12,44
1500000US220710056023,2017,828,816,5,6,0
1500000US220710056024,2017,486,431,0,46,9
1500000US220710056031,2017,599,524,0,55,20
1500000US220710056032,2017,599,501,44,17,32
1500000US220710056033,2017,339,278,7,54,0
1500000US220710056041,2017,597,525,44,17,0
1500000US220710056042,2017,621,556,8,5,26
1500000US220710056043,2017,368,307,18,33,10
1500000US220710060001,2017,2343,407,1592,192,73
1500000US220710063001,2017,734,359,226,129,4
1500000US220710063002,2017,381,86,210,81,4
1500000US220710063003,2017,457,74,281,82,5
1500000US220710064001,2017,547,472,46,24,5
1500000US220710064002,2017,788,414,237,137,0
1500000US220710064003,2017,573,65,337,155,0
1500000US220710064004,2017,531,242,166,100,0
1500000US220710065001,2017,872,523,227,73,14
1500000US220710065002,2017,1011,587,222,169,14
1500000US220710065003,2017,899,179,430,282,0
1500000US220710069001,2017,76,0,64,6,0
1500000US220710069002,2017,415,0,399,9,0
1500000US220710069003,2017,383,0,378,0,0
1500000US220710070001,2017,657,87,475,27,17
1500000US220710070002,2017,1250,159,961,67,34
1500000US220710071011,2017,1372,74,1075,164,15
1500000US220710071012,2017,1161,154,836,139,13
1500000US220710072001,2017,1389,91,1083,141,37
1500000US220710072002,2017,679,52,602,22,3
1500000US220710072003,2017,604,67,503,14,0
1500000US220710075011,2017,898,117,689,92,0
1500000US220710075012,2017,714,16,687,0,0
1500000US220710075013,2017,506,0,506,0,0
1500000US220710075014,2017,434,0,429,0,0
1500000US220710075015,2017,174,4,170,0,0
1500000US220710075021,2017,707,11,696,0,0
1500000US220710075022,2017,596,0,564,32,0
1500000US220710075023,2017,599,65,474,0,18
1500000US220710075024,2017,668,52,485,41,0
1500000US220710075025,2017,852,109,687,12,5
1500000US220710076041,2017,1152,1094,42,14,2
1500000US220710076042,2017,700,674,0,9,17
1500000US220710076051,2017,570,5,476,65,0
1500000US220710076052,2017,1077,141,900,22,0
1500000US220710076061,2017,1809,1411,241,98,0
1500000US220710076062,2017,837,526,174,60,77
1500000US220710076063,2017,1444,1093,117,164,24
1500000US220710077001,2017,1124,887,72,86,65
1500000US220710077002,2017,1182,789,149,203,31
1500000US220710078001,2017,1173,884,179,83,2
1500000US220710082001,2017,904,539,188,132,8
1500000US220710082002,2017,590,416,71,98,2
1500000US220710083001,2017,544,475,12,53,0
1500000US220710083002,2017,575,366,151,14,11
1500000US220710084001,2017,551,179,315,15,20
1500000US220710084002,2017,451,256,109,51,12
1500000US220710085001,2017,898,44,666,11,172
1500000US220710085002,2017,449,22,348,77,0
1500000US220710086001,2017,475,27,364,45,33
1500000US220710086002,2017,517,29,447,41,0
1500000US220710088001,2017,664,495,75,14,0
1500000US220710088002,2017,1206,804,291,24,27
1500000US220710090001,2017,663,643,9,0,0
1500000US220710090002,2017,591,558,0,22,11
1500000US220710090003,2017,820,765,25,30,0
1500000US220710091001,2017,549,334,191,15,0
1500000US220710091002,2017,477,208,213,17,39
1500000US220710091003,2017,228,126,69,15,18
1500000US220710091004,2017,504,258,229,0,17
1500000US220710092001,2017,348,0,310,18,0
1500000US220710092002,2017,560,23,532,5,0
1500000US220710092003,2017,546,36,444,54,0
1500000US220710094001,2017,300,31,254,15,0
1500000US220710094002,2017,245,0,245,0,0
1500000US220710094003,2017,611,19,483,109,0
1500000US220710094004,2017,418,6,408,4,0
1500000US220710096001,2017,565,365,92,95,0
1500000US220710096002,2017,442,323,82,18,0
1500000US220710096003,2017,433,141,248,39,0
1500000US220710097001,2017,638,536,76,14,0
1500000US220710097002,2017,678,413,214,32,16
1500000US220710099001,2017,1118,816,203,15,43
1500000US220710099002,2017,894,647,130,65,9
1500000US220710099003,2017,858,586,150,87,13
1500000US220710100001,2017,377,6,360,11,0
1500000US220710100002,2017,281,72,206,3,0
1500000US220710100003,2017,550,295,183,24,32
1500000US220710100004,2017,314,96,174,29,0
1500000US220710101001,2017,553,322,221,10,0
1500000US220710101002,2017,1109,897,139,52,0
1500000US220710102001,2017,264,12,252,0,0
1500000US220710102002,2017,348,34,255,46,0
1500000US220710102003,2017,407,102,263,19,2
1500000US220710102004,2017,482,200,258,0,0
1500000US220710102005,2017,408,46,288,5,56
1500000US220710103001,2017,695,81,561,53,0
1500000US220710103002,2017,921,129,754,33,0
1500000US220710103003,2017,1207,283,833,75,4
1500000US220710103004,2017,577,136,409,32,0
1500000US220710106001,2017,769,445,268,37,5
1500000US220710106002,2017,701,395,252,30,15
1500000US220710107001,2017,833,594,85,87,17
1500000US220710107002,2017,1132,833,150,39,20
1500000US220710108001,2017,470,413,12,23,22
1500000US220710108002,2017,932,808,56,43,6
1500000US220710109001,2017,810,288,441,62,0
1500000US220710109002,2017,933,651,170,65,47
1500000US220710109003,2017,598,519,64,8,7
1500000US220710109004,2017,547,259,225,22,0
1500000US220710111001,2017,486,126,217,120,0
1500000US220710111002,2017,665,277,314,10,10
1500000US220710111003,2017,693,224,400,46,0
1500000US220710112001,2017,704,487,134,43,0
1500000US220710112002,2017,830,468,235,85,23
1500000US220710114001,2017,1088,1008,0,41,15
1500000US220710114002,2017,937,819,66,24,6
1500000US220710115001,2017,495,442,0,15,38
1500000US220710115002,2017,748,571,82,82,7
1500000US220710116001,2017,781,677,0,40,55
1500000US220710116002,2017,777,669,56,17,21
1500000US220710117001,2017,539,497,0,29,13
1500000US220710117002,2017,842,580,0,262,0
1500000US220710117003,2017,777,725,0,30,22
1500000US220710117004,2017,874,740,12,122,0
1500000US220710119001,2017,603,478,6,52,26
1500000US220710119002,2017,524,367,45,31,81
1500000US220710119003,2017,657,438,80,24,8
1500000US220710120001,2017,828,732,16,20,35
1500000US220710120002,2017,645,456,31,112,11
1500000US220710121011,2017,1195,797,50,159,102
1500000US220710121012,2017,2069,1609,88,104,164
1500000US220710121021,2017,2269,1584,237,200,178
1500000US220710121022,2017,1310,626,323,199,58
1500000US220710121023,2017,583,501,14,68,0
1500000US220710122001,2017,1038,785,117,106,6
1500000US220710122002,2017,1289,1072,95,53,31
1500000US220710123001,2017,489,39,418,11,15
1500000US220710123002,2017,754,357,240,121,13
1500000US220710123003,2017,805,559,152,50,17
1500000US220710124001,2017,673,259,351,41,0
1500000US220710124002,2017,996,541,349,58,20
1500000US220710125001,2017,612,436,50,22,38
1500000US220710125002,2017,1165,641,326,104,82
1500000US220710126001,2017,545,394,138,3,6
1500000US220710126002,2017,683,424,99,25,53
1500000US220710126003,2017,457,415,0,21,13
1500000US220710127001,2017,552,239,186,120,0
1500000US220710127002,2017,850,324,372,92,62
1500000US220710127003,2017,385,207,167,11,0
1500000US220710127004,2017,451,309,11,15,93
1500000US220710128001,2017,550,321,184,16,7
1500000US220710128002,2017,898,608,122,61,104
1500000US220710128003,2017,728,452,154,82,12
1500000US220710129001,2017,815,613,127,0,20
1500000US220710129002,2017,637,234,316,77,0
1500000US220710130001,2017,560,298,127,66,25
1500000US220710130002,2017,765,210,405,136,12
1500000US220710130003,2017,477,231,242,4,0
1500000US220710131001,2017,276,0,254,22,0
1500000US220710131002,2017,425,65,314,46,0
1500000US220710131003,2017,261,29,205,22,0
1500000US220710131004,2017,418,38,241,130,0
1500000US220710132001,2017,423,138,182,16,0
1500000US220710132002,2017,564,215,332,0,0
1500000US220710132003,2017,580,120,370,54,0
1500000US220710132004,2017,787,460,227,26,29
1500000US220710133011,2017,713,686,7,0,0
1500000US220710133012,2017,1615,1311,110,27,143
1500000US220710133013,2017,578,542,0,10,26
1500000US220710133014,2017,793,740,19,20,0
1500000US220710133021,2017,1234,543,443,16,109
1500000US220710133022,2017,909,695,121,62,31
1500000US220710134001,2017,466,444,0,22,0
1500000US220710134002,2017,1048,442,588,6,4
1500000US220710134003,2017,1456,731,378,145,171
1500000US220710135001,2017,294,203,55,36,0
1500000US220710135002,2017,588,559,0,10,0
1500000US220710135003,2017,631,576,0,29,0
1500000US220710135004,2017,495,450,27,18,0
1500000US220710136001,2017,519,391,95,22,0
1500000US220710136002,2017,419,69,314,27,0
1500000US220710137001,2017,0,0,0,0,0
1500000US220710137002,2017,273,0,273,0,0
1500000US220710137003,2017,1443,0,1417,26,0
1500000US220710137004,2017,997,40,915,30,0
1500000US220710138001,2017,1035,31,945,10,0
1500000US220710138002,2017,1060,0,938,113,0
1500000US220710138003,2017,612,30,560,1,6
1500000US220710139001,2017,605,323,139,131,9
1500000US220710139002,2017,1134,520,424,112,78
1500000US220710140001,2017,169,0,169,0,0
1500000US220710140002,2017,501,0,495,0,0
1500000US220710140003,2017,1171,38,903,218,0
1500000US220710140004,2017,166,0,166,0,0
1500000US220710141001,2017,918,250,622,15,21
1500000US220710141002,2017,272,209,52,11,0
1500000US220710141003,2017,822,228,529,18,47
1500000US220710142001,2017,420,255,120,29,13
1500000US220710142002,2017,976,713,234,23,6
1500000US220710142003,2017,322,220,64,10,28
1500000US220710143001,2017,561,9,547,5,0
1500000US220710143002,2017,251,0,226,0,0
1500000US220710143003,2017,1380,62,967,322,0
1500000US220710144001,2017,305,177,104,20,0
1500000US220710144002,2017,644,383,230,31,0
1500000US220710144003,2017,670,488,152,15,4
1500000US220710145001,2017,2102,336,1651,108,7
1500000US220719800001,2017,10,8,0,0,2
1500000US220719801001,2017,0,0,0,0,0
1500000US220719900000,2017,0,0,0,0,0